id,createdAt,expiresAt,status,channel,direction,horizon,tickers,instruments,score,grade,conviction,verifiedPct,quarantined,gapMetric,gapDeltaPct,gapSigma,extractor,claim,invalidation,conflicts
SIG-MG6ZERK0-923,2025-09-30T20:00:00.000Z,2025-10-05T20:00:00.000Z,active,earnings-gap,short,days,HLXN,native-equity rtoken,72.7,B,60,75,no,EPS,-17.01,,rules,"HLXN EPS 1.61 vs 1.94 consensus (-17.0% surprise, very large) guidance lower - the expectation gap, not the headline, is what reprices the name.","HLXN reclaims the pre-print close within two sessions and holds, showing the miss was already discounted.",0
SIG-MG6ZERK0-925,2025-09-30T20:00:00.000Z,2025-10-05T20:00:00.000Z,active,earnings-gap,long,days,CRVS,native-equity rtoken,67.9,B,84,75,no,EPS,14.52,,rules,"CRVS EPS 1.42 vs 1.24 consensus (+14.5% surprise, large) guidance raise - the expectation gap, not the headline, is what reprices the name.","Post-print follow-through fails: CRVS gives back the gap and closes below the prior close, or management walks back the guide on the next appearance.",0
SIG-MG6ZERK0-931,2025-09-30T20:00:00.000Z,2025-10-05T20:00:00.000Z,active,macro-transmission,pair,days,AMD TSLA COIN PFE XOM WMT,native-equity etf rtoken,65.5,B,60,100,no,CPI y/y (Aug 2025),-6.45,-1.33,rules,"CPI y/y (Aug 2025) printed 2.9 vs 3.1 consensus (-1.33 sigma). Cooler inflation pulls the terminal policy rate lower, cutting the discount rate and re-rating long-dated cash flows. Measured exposure ranking puts AMD, TSLA, COIN most exposed and PFE, XOM, WMT best positioned.","The transmission does not show up cross-sectionally: within two sessions the long leg does not beat the short leg by 50bp, meaning the print was already priced or the channel is inactive in this regime.",0
SIG-MG6ZERK0-940,2025-09-30T20:00:00.000Z,2025-10-05T20:00:00.000Z,active,macro-transmission,pair,days,COIN TSLA PLTR PFE XOM WMT,native-equity etf rtoken,60.3,C,55,100,no,Nonfarm payrolls (Aug 2025),-70.67,-0.88,rules,"Nonfarm payrolls (Aug 2025) printed 22 vs 75 consensus (-0.88 sigma). A cooling labor market raises easing odds but also recession risk - a two-sided shock. Measured exposure ranking puts COIN, TSLA, PLTR most exposed and PFE, XOM, WMT best positioned.","The transmission does not show up cross-sectionally: within two sessions the long leg does not beat the short leg by 50bp, meaning the print was already priced or the channel is inactive in this regime.",0
SIG-MG6ZERK0-917,2025-09-30T20:00:00.000Z,2025-10-01T04:00:00.000Z,active,earnings-gap,short,intraday,ASTR,native-equity rtoken,60.1,C,36,75,no,EPS,-4.92,,rules,"ASTR EPS 0.58 vs 0.61 consensus (-4.9% surprise, meaningful) guidance withdraw - the expectation gap, not the headline, is what reprices the name.","ASTR reclaims the pre-print close within two sessions and holds, showing the miss was already discounted.",0
SIG-MG6ZERK0-983,2025-09-30T20:00:00.000Z,2025-10-21T20:00:00.000Z,active,risk-flag,avoid,weeks,BLWF,native-equity,57.3,C,75,100,no,,,,rules,"BLWF carries 11 adverse-language flag(s) (material weakness, restatement, delayed filing, investigation) and 3 accounting-ratio flag(s). This is a do-not-own / hedge signal, not a short recommendation on its own.","The flagged item is explicitly resolved by the company (restatement cleared, weakness remediated, provision released) and the ratio normalises for two consecutive quarters.",0
SIG-MG6ZERK0-972,2025-09-30T20:00:00.000Z,2025-10-05T20:00:00.000Z,active,flow-footprint,neutral,days,BTC ETH,crypto rtoken,55.7,C,30,100,no,,,,rules,"The cross-market flow footprint reads spot BTC ETF -$184M, spot ETH ETF $62M, stablecoin supply 24h $1.10B, whale net -$740M. ETF and stablecoin flows show where marginal capital is moving; a single print confirms or questions a footprint but is too noisy to trade on its own.","ETF flows reverse for two consecutive sessions and stablecoin supply contracts, i.e. the footprint flips from mixed/defensive to risk-off (or risk-on) rather than a one-day print.",0
SIG-MG6ZERK0-969,2025-09-30T20:00:00.000Z,2025-10-21T20:00:00.000Z,active,flow-footprint,neutral,weeks,HLXN,native-equity,52.1,C,58,100,no,,,,rules,Insider activity in HLXN shows 4 dispositions against 1 acquisitions in the reported window. Clustered selling is a weak but persistent negative; isolated selling is usually tax planning.,"A cluster of open-market purchases by two or more officers, or disclosure that the sales were executed under a pre-existing 10b5-1 plan adopted before the information event.",0
SIG-MG6ZERK0-979,2025-09-30T20:00:00.000Z,2025-10-21T20:00:00.000Z,active,narrative-shift,long,weeks,NWCL,native-equity rtoken,52.1,C,80,100,no,,,,rules,"demo wire (synthetic scenario) coverage of NWCL scores 1 on the desk tone scale from 8 weighted term hits (8 positive / 0 negative), with 2 of 2 adjacent documents agreeing.","Two or more subsequent documents on NWCL score with the opposite sign, or price makes a lower low (for the constructive read) within five sessions.",0
SIG-MG6ZERK0-977,2025-09-30T20:00:00.000Z,2025-10-21T20:00:00.000Z,active,narrative-shift,short,weeks,HLXN,native-equity rtoken,50.5,C,74,100,no,,,,rules,"demo wire (synthetic scenario) coverage of HLXN scores -1 on the desk tone scale from 12 weighted term hits (0 positive / 12 negative), with 1 of 1 adjacent documents agreeing.","Two or more subsequent documents on HLXN score with the opposite sign, or price makes a lower low (for the constructive read) within five sessions.",0
SIG-MG6ZERK0-954,2025-09-30T20:00:00.000Z,2025-10-01T04:00:00.000Z,active,cross-asset,neutral,intraday,BTC ETH,rtoken crypto,49,C,28,100,no,,,,rules,"Crypto-side positioning reads Fear & Greed 41 (Fear), BTC funding 0.0081, US spot BTC ETF flow -184000000. Because tokenized US equities settle on crypto rails, an unremarkable crypto regime changes who is awake to trade the rToken when US macro lands outside cash hours.","Fear & Greed returns inside the 35-65 band and funding normalises, i.e. the crypto complex stops driving marginal rToken liquidity.",0
SIG-MG6ZERK0-955,2025-09-30T20:00:00.000Z,2025-10-05T20:00:00.000Z,active,cross-asset,neutral,days,QQQ,etf rtoken,48.6,C,36,100,no,,,,rules,"bitget-signal macro-analyst reads policy upper bound 4.25%, next-meeting cut odds 82%, 2s10s +59bp, BTC/Nasdaq 90d corr 0.44, BTC/DXY 90d corr -0.31. That correlation is the bridge a US macro print uses to reach an rToken while cash is shut. It is regime context for the transmission cards, not a directional call, and it does not invent a consensus the skill did not return.","BTC/Nasdaq 90-day correlation falls through 0.20, or the priced probability of a cut drops by 25 points or more, before the next cash open - the bridge this card describes is no longer the one the rToken is trading.",0
SIG-MG6ZERK0-971,2025-09-30T20:00:00.000Z,2025-10-21T20:00:00.000Z,active,flow-footprint,neutral,weeks,NWCL,native-equity,47.6,D,30,100,no,,,,rules,"Of 6 reporting 13F holders of NWCL, 3 increased by more than 5% and 2 trimmed by more than 5%. 13F is a 45-day-lagged snapshot, so this confirms a thesis rather than starting one.",The next 13F cycle reverses the direction of the majority of the top-10 holders.,0
SIG-MG6ZERK0-985,2025-09-30T20:00:00.000Z,2025-10-05T20:00:00.000Z,active,risk-flag,neutral,days,CRVS,native-equity,46.7,D,46,100,no,,,,rules,"Technical read for CRVS: RSI(14) 78.6, +34.2% vs 200-DMA, support 214.5, resistance 246. The tape is stretched versus both momentum and trend, which raises mean-reversion risk even while the fundamental story is intact - a risk to an entry, not a reason to short.","RSI(14) works back below 70 and the price consolidates toward the 50-DMA without a lower high, i.e. the stretch unwinds through time rather than through a drawdown.",0
