date,open,high,low,close,volume
2019-01-02,128.99,137.51,128.56,135.68,27967450
2019-01-03,134.69,137.17,131.12,131.74,22448730
2019-01-04,134.01,138,133.75,137.95,27973370
2019-01-07,137.56,138.87,135.91,138.05,19988840
2019-01-08,139.89,143.14,139.54,142.53,26191030
2019-01-09,142.95,144.7,141.27,144.23,22131500
2019-01-10,143.08,144.56,140.84,144.2,16057330
2019-01-11,143.15,145.36,142.57,143.8,12780600
2019-01-14,142,146.57,141.27,145.39,19864680
2019-01-15,146.01,150.68,145.99,148.95,24036820
2019-01-16,149,149.6499,146.9975,147.54,17977150
2019-01-17,146.95,149,146.5,148.3,15480790
2019-01-18,149.75,152.43,148.55,150.04,30631520
2019-01-22,149.2,151.53,146.37,147.57,22310570
2019-01-23,148.28,148.8,143.055,144.3,20060100
2019-01-24,144.64,146.44,142.52,145.83,20932280
2019-01-25,147.48,149.83,146.54,149.01,22227160
2019-01-28,148.05,148.96,146.21,147.47,15242960
2019-01-29,148.09,148.1,143.43,144.19,17451800
2019-01-30,146.22,150.95,145.6953,150.42,41676170
2019-01-31,165.6,171.68,165,166.69,77005780
2019-02-01,165.84,169.1,165.66,165.71,30742790
2019-02-04,165.7,169.3,163.62,169.25,19980980
2019-02-05,169.15,171.98,168.69,171.16,21723960
2019-02-06,171.2,172.47,169.27,170.49,13254460
2019-02-07,168.2,169.24,165.25,166.38,17206800
2019-02-08,164.47,167.37,164.21,167.33,12485700
2019-02-11,167.9,168.3,165.08,165.79,12694750
2019-02-12,166.86,168.34,164.5,165.04,16241390
2019-02-13,165.38,166.22,163.73,164.07,14168500
2019-02-14,163.19,164.8697,162.2468,163.95,12696560
2019-02-15,164.51,164.7,160.86,162.5,15485430
2019-02-19,160.5,164.15,160.33,162.29,14320590
2019-02-20,162.25,163.72,161.25,162.56,11758420
2019-02-21,161.93,162.24,159.59,160.04,15455630
2019-02-22,160.58,162.41,160.31,161.89,15845990
2019-02-25,163.07,166.07,162.9,164.62,17615000
2019-02-26,164.335,166.24,163.8,164.13,13630540
2019-02-27,162.9,163.93,160.41,162.81,12685830
2019-02-28,162.37,163.5,160.86,161.45,11083060
2019-03-01,162.6,163.132,161.69,162.28,11022100
2019-03-04,163.9,167.5,163.83,167.37,18864670
2019-03-05,167.37,171.88,166.55,171.26,26581790
2019-03-06,172.9,173.57,171.27,172.51,20775850
2019-03-07,171.5,171.74,167.61,169.13,18200280
2019-03-08,166.2,169.62,165.97,169.6,12737410
2019-03-11,171.6,174.3,171.58,172.07,18534610
2019-03-12,172.09,173.8,171.2178,171.92,12136730
2019-03-13,172.32,174.03,172.12,173.37,11514940
2019-03-14,169.76,171.15,168.16,170.17,17882100
2019-03-15,167.16,167.58,162.51,165.98,37088870
2019-03-18,163.57,163.9,159.28,160.47,35094650
2019-03-19,161.48,163.82,160.82,161.57,24608800
2019-03-20,161.5,166.12,161.24,165.44,19934930
2019-03-21,164.89,166.39,163.75,166.08,16049850
2019-03-22,165.65,167.42,164.09,164.34,16375210
2019-03-25,163,166.54,162,166.29,12306150
2019-03-26,167.35,169.45,166.3499,167.68,15274610
2019-03-27,167.85,168.94,164.79,165.87,10603100
2019-03-28,164.57,166.72,163.33,165.55,10457910
2019-03-29,166.39,167.19,164.81,166.69,13450640
2019-04-01,167.83,168.9,167.2789,168.7,10122200
2019-04-02,170.14,174.9,169.55,174.2,23926430
2019-04-03,174.5,177.96,172.95,173.54,27380570
2019-04-04,176.02,178,175.5301,176.02,17768670
2019-04-05,176.88,177,175.1,175.72,9499559
2019-04-08,175.21,175.5,174.23,174.93,7287902
2019-04-09,175.62,179.19,175.55,177.58,19599420
2019-04-10,178.18,178.79,176.54,177.82,11684940
2019-04-11,178.24,178.4,177,177.51,8048582
2019-04-12,178,179.63,177.95,179.1,12321770
2019-04-15,178.5,180.5,176.87,179.65,10827980
2019-04-16,179,180.17,178.3,178.87,11185690
2019-04-17,179.6,180.74,178.36,178.78,9520718
2019-04-18,178.8,178.88,177.34,178.28,11639990
2019-04-22,178.25,181.665,178.25,181.44,13348950
2019-04-23,182.74,184.22,181.48,183.78,19631900
2019-04-24,184.49,185.14,181.65,182.58,34957090
2019-04-25,196.98,198.48,192.12,193.26,54088650
2019-04-26,192.5,192.9,189.09,191.49,21947170
2019-04-29,190.95,195.41,190.65,194.78,19538750
2019-04-30,194.19,197.39,192.28,193.4,23309400
2019-05-01,194.78,196.1769,193.01,193.03,15996650
2019-05-02,193,194,189.75,192.53,13209450
2019-05-03,194.38,196.16,193.71,195.47,14575430
2019-05-06,191.24,194.28,190.55,193.88,13994930
2019-05-07,192.54,192.9,187.85,189.77,16253000
2019-05-08,189.39,190.72,188.55,189.54,12505740
2019-05-09,187.2,189.77,186.26,188.65,12967030
2019-05-10,188.25,190,184.59,188.34,12578510
2019-05-13,183.5,185.43,180.84,181.54,16833350
2019-05-14,182.52,183.49,178.1,180.73,17628140
2019-05-15,180.42,187.28,180.02,186.27,16746900
2019-05-16,185.05,188.575,185.05,186.99,12953110
2019-05-17,184.84,187.58,184.28,185.3,10485370
2019-05-20,181.88,184.23,181.37,182.72,10351980
2019-05-21,184.57,185.7,183.885,184.82,7502820
2019-05-22,184.73,186.74,183.61,185.32,9213801
2019-05-23,182.42,183.9,179.67,180.87,12768840
2019-05-24,182.33,183.63,180.83,181.06,8807701
2019-05-28,181.54,184.7119,181.4537,184.31,14843310
2019-05-29,183.5,184.56,181.35,182.19,12797690
2019-05-30,183.08,183.48,180.89,183.01,8581544
2019-05-31,180.28,180.54,177.16,177.47,15226540
2019-06-03,175,175.05,161.01,164.15,56059610
2019-06-04,163.71,168.28,160.84,167.5,46044260
2019-06-05,167.48,168.72,164.63,168.17,19758320
2019-06-06,168.3,169.7,167.23,168.33,12446350
2019-06-07,170.17,173.87,168.84,173.35,16917340
2019-06-10,174.75,177.86,173.8,174.82,14767920
2019-06-11,178.48,179.98,176.79,178.1,15266640
2019-06-12,178.38,179.27,172.88,175.04,17699810
2019-06-13,175.53,178.03,174.606,177.47,12253570
2019-06-14,180.51,181.8398,180,181.33,16773690
2019-06-17,185.01,189.5,184.4105,189.01,29459880
2019-06-18,194,194.53,187.28,188.47,37571350
2019-06-19,187,188.1,184.55,187.48,21417090
2019-06-20,190.95,191.16,187.64,189.53,14635740
2019-06-21,188.75,192,188.75,191.14,22751160
2019-06-24,192.42,193.98,191.57,192.6,15508960
2019-06-25,192.88,193.14,188.13,188.84,16750310
2019-06-26,189.54,190.76,187.31,187.66,12808600
2019-06-27,189.88,189.95,188.27,189.5,11158980
2019-06-28,190.55,193.2,189.94,193,16378880
2019-07-01,195.21,195.28,191.93,193,14204690
2019-07-02,193,195,192.71,195,9049979
2019-07-03,194.16,197.4,194.16,197.2,10246120
2019-07-05,196.18,197.07,194.17,196.4,11164110
2019-07-08,195.19,196.68,193.64,195.76,9723858
2019-07-09,194.97,199.46,194.89,199.21,14698610
2019-07-10,200,202.96,199.67,202.73,20571700
2019-07-11,203.26,203.8,200.21,201.23,13678460
2019-07-12,199.68,205.3,199.16,204.87,15366270
2019-07-15,204.25,205.33,201.82,203.91,16030340
2019-07-16,203.89,205.4707,203.1,203.84,12132720
2019-07-17,204.18,204.36,201.59,201.8,12083710
2019-07-18,200.15,202.47,199.38,200.78,11956550
2019-07-19,202.18,202.33,198.07,198.36,12098260
2019-07-22,199.91,202.57,198.81,202.32,13589020
2019-07-23,202.84,204.242,200.9625,202.36,14583680
2019-07-24,197.63,204.81,197.22,204.66,32532540
2019-07-25,206.7,208.66,198.26,200.71,39889870
2019-07-26,200.19,202.88,196.25,199.75,24433990
2019-07-29,199,199.63,195.3,195.94,16530800
2019-07-30,195.39,198.71,193.5,197.04,11903560
2019-07-31,196.95,198.76,192.68,194.23,14593540
2019-08-01,194.17,198.47,190.88,192.73,17777010
2019-08-02,191.1,192.62,188.07,189.02,15296980
2019-08-05,184.69,185.67,179.34,181.73,23086660
2019-08-06,183.69,185.789,183.09,184.51,18035690
2019-08-07,183.6,186.37,181.22,185.15,15833200
2019-08-08,186.62,190.34,184.05,190.16,14828920
2019-08-09,190,190.98,187.12,187.85,11058810
2019-08-12,186.85,187.59,184.46,185.37,10936280
2019-08-13,185.52,191.38,185.37,188.45,13653320
2019-08-14,185.8,185.99,179.31,179.71,18903720
2019-08-15,180.95,183.2,180.03,182.59,13059640
2019-08-16,183.75,185.1,182.36,183.7,12844830
2019-08-19,186.01,187.5,184.85,186.17,9699661
2019-08-20,185.45,186,182.39,183.81,10087590
2019-08-21,185,185.9,183.14,183.55,8409548
2019-08-22,183.43,184.11,179.91,182.04,10829510
2019-08-23,180.84,183.13,176.66,177.75,17331220
2019-08-26,179.4,180.5,178.24,180.36,8780477
2019-08-27,181.93,184.04,181.01,181.3,14408950
2019-08-28,180.53,181.95,178.92,181.76,9392060
2019-08-29,183.77,186.0752,183.47,185.57,10135030
2019-08-30,186.78,186.8017,183.4585,185.67,10785720
2019-09-03,184,185.67,182.11,182.39,9792187
2019-09-04,184.65,187.7494,183.89,187.14,11314570
2019-09-05,188.53,191.36,187.94,190.9,13896620
2019-09-06,190.21,190.21,186.35,187.49,15226820
2019-09-09,187.73,188.98,185.8466,188.76,14722400
2019-09-10,187.44,188.1,184.55,186.17,15455870
2019-09-11,186.46,189.44,186.08,188.49,11761660
2019-09-12,189.86,190.93,187.23,187.47,11419780
2019-09-13,187.325,187.97,186.54,187.19,11441120
2019-09-16,186.93,187.7943,185.765,186.22,8444844
2019-09-17,186.66,188.32,185.54,188.08,9751570
2019-09-18,188.09,189.08,186.012,188.14,9945798
2019-09-19,188.66,191.1,188.15,190.14,10474690
2019-09-20,190.66,193.1,188.12,189.93,20359880
2019-09-23,189.34,190.1,185.2062,186.82,14370090
2019-09-24,187.98,188.04,180.39,181.28,18775670
2019-09-25,181.45,183.42,177.87,182.8,18339960
2019-09-26,181.33,181.4,177.67,180.11,16280690
2019-09-27,180.49,180.755,175.66,177.1,14663580
2019-09-30,177.87,178.67,176.85,178.08,11071430
2019-10-01,179.15,179.84,174.88,175.81,17261560
2019-10-02,174.84,176.53,173.09,174.6,16374150
2019-10-03,175.57,179.84,173.63,179.38,16789320
2019-10-04,179.55,180.98,178.1,180.45,10476400
2019-10-07,180,181.18,178.09,179.68,9359793
2019-10-08,178.26,180.37,177.72,177.75,10084900
2019-10-09,179.16,180.72,177.94,179.85,7648874
2019-10-10,180.32,181.61,179.17,180.03,8980978
2019-10-11,182.15,186.49,182.14,184.19,14998750
2019-10-14,184.2,184.62,182.5735,183.28,7203665
2019-10-15,183.8,190.38,183.66,188.89,15143120
2019-10-16,188.32,189.7,186.9002,189.55,10560340
2019-10-17,190.3,190.84,188.765,190.39,9761548
2019-10-18,190.23,191.49,183.9239,185.85,16882860
2019-10-21,187.04,189.91,186.75,189.76,8580744
2019-10-22,190,190.65,181.5,182.34,19854190
2019-10-23,182.01,186.38,182,186.15,12370820
2019-10-24,184.62,186.73,182.8,186.38,11505410
2019-10-25,185.83,189,185.0876,187.89,8061240
2019-10-28,187.2,189.53,185.08,189.4,13657870
2019-10-29,191.69,192.53,188.47,189.31,13574870
2019-10-30,189.56,190.45,185.98,188.25,28734560
2019-10-31,196.7,198.09,188.25,191.65,42286530
2019-11-01,192.85,194.11,189.91,193.62,21711830
2019-11-04,194.55,197.3672,193.8119,194.72,16371290
2019-11-05,195.37,195.75,193.6,194.32,9941954
2019-11-06,194.03,194.37,191.35,191.55,10973020
2019-11-07,191.91,193.44,189.47,190.42,13473000
2019-11-08,190,192.34,189.7,190.84,10764780
2019-11-11,189.93,190.08,188.54,189.61,8637768
2019-11-12,190,195.06,189.74,194.47,17615450
2019-11-13,194.7,195.7,192.74,193.19,11009800
2019-11-14,192.93,194.03,191.45,193.15,9059897
2019-11-15,194.26,195.3,193.38,195.1,11530230
2019-11-18,194.56,198.63,193.05,197.4,16176110
2019-11-19,197.4,200,196.86,199.32,19070290
2019-11-20,198.58,199.59,195.43,197.51,12370240
2019-11-21,197.42,199.09,196.86,197.93,12130990
2019-11-22,198.38,199.3,197.62,198.82,9959817
2019-11-25,199.515,200.97,199.25,199.79,15286440
2019-11-26,200,200.15,198.0387,198.97,11748660
2019-11-27,199.9,203.14,199.42,202,12760570
2019-11-29,201.6,203.8,201.21,201.64,7985231
2019-12-02,202.13,202.18,198.05,199.7,11542020
2019-12-03,197.6,198.93,195.08,198.82,13014170
2019-12-04,200,200.0288,198.05,198.71,8459939
2019-12-05,199.86,201.29,198.2126,199.36,9755350
2019-12-06,200.5,201.57,200.06,201.05,12279530
2019-12-09,200.65,203.1418,200.21,201.34,12013220
2019-12-10,201.66,202.05,200.15,200.87,9485568
2019-12-11,200.28,202.63,200.28,202.26,8041827
2019-12-12,202.35,203.66,194.1,196.75,23766990
2019-12-13,196.4,196.8,193.17,194.11,18806020
2019-12-16,195.27,199.12,194.81,197.92,14922730
2019-12-17,198.84,199,196.13,198.39,10177610
2019-12-18,200.09,204.3,200.09,202.5,23284750
2019-12-19,202.78,206.3,202.51,206.06,16808180
2019-12-20,207.48,207.71,203.43,206.3,27315230
2019-12-23,206.7,208.59,205.68,206.18,13353190
2019-12-24,206.3,206.79,205,205.12,6046273
2019-12-26,205.567,207.82,205.31,207.79,9368273
2019-12-27,208.6697,208.93,206.5875,208.1,10287630
2019-12-30,207.86,207.9,203.9001,204.41,10534440
2019-12-31,203.995,205.56,203.6001,205.25,8962756
2020-01-02,206.75,209.79,206.27,209.78,12090710
2020-01-03,207.214,210.4,206.95,208.67,11197420
2020-01-06,206.7,212.78,206.52,212.6,17073860
2020-01-07,212.82,214.58,211.75,213.06,15111860
2020-01-08,213,216.24,212.6121,215.22,13492700
2020-01-09,217.54,218.38,216.278,218.3,12679580
2020-01-10,219.2,219.88,217.42,218.06,12127430
2020-01-13,219.597,221.97,219.21,221.91,14494520
2020-01-14,221.61,222.38,218.63,219.06,13315360
2020-01-15,220.61,221.68,220.14,221.15,10036480
2020-01-16,222.57,222.63,220.39,221.77,10015290
2020-01-17,222.03,222.29,220.53,222.14,15905940
2020-01-21,222.155,222.37,219.12,221.44,14275780
2020-01-22,222.31,222.75,221.28,221.32,12212810
2020-01-23,220.75,221.485,219.27,219.76,11195000
2020-01-24,220.8,221.78,216.11,217.94,11905820
2020-01-27,213.1,216.06,212.5,214.87,13810660
2020-01-28,216.14,218.74,213.52,217.79,13413840
2020-01-29,221.44,224.2,218.45,223.23,33610010
2020-01-30,206.53,211.43,204.75,209.53,48775500
2020-01-31,208.43,208.69,201.06,201.91,31359920
2020-02-03,203.44,205.14,202.5,204.19,15510510
2020-02-04,206.6165,210.6,205.2025,209.83,19628890
2020-02-05,212.51,212.73,208.71,210.11,12538150
2020-02-06,210.47,211.19,209.338,210.85,10567530
2020-02-07,210.3,212.82,209.93,212.33,12242530
2020-02-10,211.52,213.8,210.66,213.06,11856350
2020-02-11,210.19,210.86,206.5102,207.19,25030810
2020-02-12,207.85,211.22,207.4,210.76,13813700
2020-02-13,209.5235,214.3259,209.18,213.14,15396630
2020-02-14,214,214.93,212.65,214.18,10741750
2020-02-18,213.55,217.975,213.4,217.8,15630030
2020-02-19,217.99,218.32,216.11,217.49,12135110
2020-02-20,216.52,218.765,212.945,214.58,13109210
2020-02-21,213.48,214.237,208.8305,210.18,14098430
2020-02-24,201.8,203.65,198.17,200.72,23080060
2020-02-25,202.25,203.5,195.9537,196.77,21433490
2020-02-26,197.19,201.21,195.49,197.2,16555210
2020-02-27,191.82,195.88,189.5,189.75,21682630
2020-02-28,182.695,192.74,181.82,192.47,32583490
2020-03-02,194.03,196.57,188.85,196.44,24948960
2020-03-03,196.22,197.24,183.97,185.89,27984100
2020-03-04,189.17,191.83,186.39,191.76,23062470
2020-03-05,186.78,188.99,183.8901,185.17,19333430
2020-03-06,178.33,183.78,176.26,181.09,24559550
2020-03-09,169.6,175,165.19,169.5,29949040
2020-03-10,174.67,178.29,169.5,178.19,24517790
2020-03-11,174.01,175.88,167.66,170.24,20397200
2020-03-12,159.54,166.6,154.34,154.47,43266340
2020-03-13,163.53,170.79,157.6,170.28,35028630
2020-03-16,152.32,159.13,143.1,146.01,39120420
2020-03-17,150.74,153.94,140,149.42,34255600
2020-03-18,139.75,148.18,137.1006,146.96,37553140
2020-03-19,146.62,159.9294,144.8,153.13,39862310
2020-03-20,156.02,159.27,148,149.73,32568400
2020-03-23,149.66,152.31,142.25,148.1,29830770
2020-03-24,155.205,161.31,152.57,160.98,30440370
2020-03-25,158.92,162.99,153.06,156.21,35184270
2020-03-26,158.25,164,157.0201,163.34,26579020
2020-03-27,158.2,160.09,154.75,156.79,24879870
2020-03-30,159.18,166.75,158.06,165.95,22515230
2020-03-31,165.48,170.93,164.2,166.8,23676280
2020-04-01,161.615,164.15,158.035,159.6,19507560
2020-04-02,159.1,161.3509,155.92,158.19,20886310
2020-04-03,157.15,157.91,150.83,154.18,25983320
2020-04-06,160.15,166.2,158.51,165.55,28453580
2020-04-07,171.79,173.39,166.01,168.83,31411920
2020-04-08,171.25,175,167.74,174.28,21664200
2020-04-09,175.9,177.08,171.57,175.19,23534290
2020-04-13,173.67,175,169.45,174.79,19355360
2020-04-14,178.977,181.225,176.62,178.17,21011820
2020-04-15,175.187,178.19,172.82,176.97,17423000
2020-04-16,177.95,178.05,172.51,176.25,23593230
2020-04-17,179.2,180.28,176.66,179.24,20974750
2020-04-20,177.41,180.5,176.77,178.24,16110580
2020-04-21,175.25,175.38,168.3408,170.8,24850530
2020-04-22,178.45,184.78,178.14,182.28,33369930
2020-04-23,184.08,187.05,183.15,185.13,21426600
2020-04-24,183.23,190.41,180.825,190.07,28868530
2020-04-27,192.657,193.75,187.41,187.5,29197750
2020-04-28,188.66,189.2,182.56,182.91,21730990
2020-04-29,190.93,196.91,190,194.19,45954520
2020-04-30,206.92,209.69,201.5701,204.71,46230120
2020-05-01,201.6,207.28,199.0501,202.27,30415580
2020-05-04,200.2,205.91,198.7562,205.26,19250670
2020-05-05,207.02,210.38,206.5,207.07,21071220
2020-05-06,208.12,211.6,206.66,208.47,21856960
2020-05-07,211.16,211.6,209.04,211.26,15151980
2020-05-08,212.24,213.21,210.85,212.35,12524050
2020-05-11,210.887,215,210.37,213.18,12911950
2020-05-12,213.29,215.275,210,210.1,14704650
2020-05-13,209.43,210.78,202.11,205.1,20684560
2020-05-14,202.56,206.93,200.69,206.81,17178950
2020-05-15,205.27,211.34,204.12,210.88,19383150
2020-05-18,212.15,214.6445,210.94,213.19,20167440
2020-05-19,213.27,220.49,212.83,216.88,31843150
2020-05-20,223.5,231.34,223.19,229.97,50162880
2020-05-21,234.72,237.2,231.2,231.39,47782640
2020-05-22,231.51,235.99,228.74,234.91,33925560
2020-05-26,239.77,240.9,231.67,232.2,33178320
2020-05-27,229.07,230.56,221.1347,229.14,34697550
2020-05-28,224.3,231.6332,224,225.46,29423010
2020-05-29,225.2,227.49,222.88,225.09,23322480
2020-06-01,224.59,232.44,223.5,231.91,18223840
2020-06-02,230.94,233,226.56,232.72,20919020
2020-06-03,232.11,232.65,228.53,230.16,15380280
2020-06-04,229.56,231.63,224.61,226.29,17041480
2020-06-05,226.71,231.35,225.3105,230.77,16750440
2020-06-08,229.03,231.55,227.41,231.4,15466500
2020-06-09,231.52,239.77,230.41,238.67,27462870
2020-06-10,240.96,241.21,235.28,236.73,20720710
2020-06-11,229.94,232.89,223.55,224.43,26708160
2020-06-12,229.9,231.66,224.5,228.58,22091390
2020-06-15,225.09,233.77,224.8,232.5,15340260
2020-06-16,237.14,238.46,233,235.65,15236690
2020-06-17,235,237.59,231.7268,235.53,19578130
2020-06-18,234.99,236.14,232.15,235.94,15782450
2020-06-19,237.79,240.83,235.55,238.79,30081290
2020-06-22,238.56,240.7,236.91,239.22,18917780
2020-06-23,241.28,245.1853,239.86,242.24,24017920
2020-06-24,241.2,243.22,232.68,234.02,20834900
2020-06-25,234.62,237.3,232.74,235.68,18704340
2020-06-26,232.64,233.09,215.4,216.08,76343940
2020-06-29,209.75,220.75,207.11,220.64,58514280
2020-06-30,220.59,227.5,218.47,227.07,33927070
2020-07-01,228.5,239,227.56,237.55,43399740
2020-07-02,239,240,232.61,233.42,30633620
2020-07-06,233.76,240.4,232.27,240.28,26206160
2020-07-07,239.41,247.65,238.82,240.86,27887790
2020-07-08,238.11,246.99,236.59,243.58,29791340
2020-07-09,245,246.525,239.24,244.5,22174900
2020-07-10,243.685,245.49,239.32,245.07,22982720
2020-07-13,247.005,250.15,238.42,239,24674870
2020-07-14,236.76,240.33,232.03,239.73,23378060
2020-07-15,241.55,244.82,238.05,240.28,19133560
2020-07-16,238,241.76,236.3306,240.93,18880710
2020-07-17,241,244.16,237.86,242.03,18152410
2020-07-20,240.06,246.05,235.635,245.42,20872220
2020-07-21,246.22,246.91,240.08,241.75,19409690
2020-07-22,240.26,241.9,238.12,239.87,15427890
2020-07-23,239.63,242.42,231.75,232.6,21771800
2020-07-24,230.19,233.49,226.9,230.71,18325810
2020-07-27,231.46,234.95,230.83,233.5,13163080
2020-07-28,234.63,234.96,229.83,230.12,14170110
2020-07-29,231.14,233.7,230.31,233.29,13588320
2020-07-30,230.22,234.893,229,234.5,20615310
2020-07-31,255.82,255.85,249,253.67,53030040
2020-08-03,252.65,255.4,250.33,251.96,23134100
2020-08-04,251.56,252.8,247.43,249.83,17183530
2020-08-05,250.19,252.2698,247.77,249.12,13088360
2020-08-06,249.04,266.6,248.665,265.28,45241610
2020-08-07,264.08,278.89,263.43,268.44,72766360
2020-08-10,268.04,273.86,259.69,263,30248830
2020-08-11,260.185,265.915,255.13,256.13,28238280
2020-08-12,258.97,263.8973,258.1125,259.89,21428330
2020-08-13,261.55,265.16,259.57,261.3,17373970
2020-08-14,262.305,262.65,258.6801,261.24,14792710
2020-08-17,262.5,264.0973,259.4,261.16,13351060
2020-08-18,260.95,265.15,259.26,262.34,18690380
2020-08-19,261.388,267.908,261.35,262.59,23291460
2020-08-20,261.5,269.63,261.46,269.01,20299690
2020-08-21,268.69,270.49,266.42,267.01,15538620
2020-08-24,271.07,277.2478,268.7701,271.39,23685600
2020-08-25,272.41,283.09,270.2601,280.82,42127240
2020-08-26,284,304.67,284,303.91,69015150
2020-08-27,300.16,301.23,292.02,293.22,30301310
2020-08-28,295,297.23,290.98,293.66,17172420
2020-08-31,293.95,296.88,291.55,293.2,17345130
2020-09-01,294.71,301.49,292.71,295.44,17320870
2020-09-02,298.88,303.6,293.05,302.5,24341370
2020-09-03,295.99,297.6,283.63,291.12,32294090
2020-09-04,287.25,289,271.14,282.73,30333670
2020-09-08,271.28,279.3,269.42,271.16,24864000
2020-09-09,275.77,278.48,271.35,273.72,22918770
2020-09-10,275.51,279.16,267.0319,268.09,24814670
2020-09-11,270.06,271.39,262.64,266.61,18913880
2020-09-14,270.95,276.64,265.7,266.15,24093830
2020-09-15,270.67,274.52,269.3,272.42,18478530
2020-09-16,267.29,272.44,261.79,263.52,29207590
2020-09-17,258.28,261.5,250.19,254.82,31281440
2020-09-18,258.405,259.2,250.05,252.53,28130770
2020-09-21,247.54,249.95,244.13,248.15,24709380
2020-09-22,253.31,255.32,248.22,254.75,30293100
2020-09-23,255.26,257.9921,248.15,249.02,19641270
2020-09-24,246.5,252.24,245.62,249.53,20006750
2020-09-25,249.4,255.75,246.61,254.82,18351310
2020-09-28,259.4,259.6,254.8208,256.82,18826250
2020-09-29,257.81,263.33,256.9,261.79,20215500
2020-09-30,261.98,266.085,260.1,261.9,20142550
2020-10-01,265.35,268.33,264.8,266.63,20009800
2020-10-02,261.21,265.15,259.18,259.94,16367600
2020-10-05,262.2,264.865,260.8401,264.65,12822250
2020-10-06,261.78,265.69,258.24,258.66,18696920
2020-10-07,259.21,260.18,254.82,258.12,23133420
2020-10-08,259.75,264.62,259.1488,263.76,16312760
2020-10-09,264.52,264.75,262.17,264.45,14107800
2020-10-12,270.2,280.18,267.87,275.75,31019260
2020-10-13,277.58,279.1,273.39,276.14,18063340
2020-10-14,277.62,278.75,271.5,271.82,15601150
2020-10-15,267.6,269.04,263.67,266.72,15416060
2020-10-16,267.375,271.37,265.3,265.93,16622700
2020-10-19,265.53,268.55,259.88,261.4,13586960
2020-10-20,263.06,269.7,262.88,267.56,18763250
2020-10-21,279.56,283.05,276.37,278.73,28998640
2020-10-22,279.87,282.45,275.04,278.12,16720030
2020-10-23,278.802,285.24,276.82,284.79,17535160
2020-10-26,283.16,285.23,274.26,277.11,21322930
2020-10-27,278.76,284.51,276.31,283.29,16287250
2020-10-28,278.79,278.79,267.26,267.67,23121810
2020-10-29,276.55,283.6,273.78,280.83,32368120
2020-10-30,274.5,276.7,259.1,263.11,47299000
2020-11-02,264.6,270.47,257.34,261.36,27165680
2020-11-03,263.16,270.05,260.88,265.3,17961860
2020-11-04,281,288.94,278.62,287.38,35364420
2020-11-05,291.897,297.38,288.95,294.68,23823630
2020-11-06,293.95,294.6,288.06,293.41,13890970
2020-11-09,289.87,292.58,278.53,278.77,25117650
2020-11-10,273.1,274,264,272.43,29067690
2020-11-11,273.47,278.4,272.48,276.48,14956950
2020-11-12,277.18,279.75,274.43,275.08,12914210
2020-11-13,277.72,277.76,273.1,276.95,10400100
2020-11-16,275.05,279.41,274.63,278.96,12970350
2020-11-17,277.68,277.68,273.29,275,15040300
2020-11-18,274.52,277.3889,271.84,271.97,12152950
2020-11-19,271.025,273.47,269.19,272.94,12963660
2020-11-20,272.56,273,269.41,269.7,18122410
2020-11-23,270.89,270.9471,264.53,268.43,20990790
2020-11-24,268.49,277.8199,267.87,276.92,16930420
2020-11-25,278.14,280.18,272.65,275.59,12467010
2020-11-27,277.39,279.13,274.82,277.81,7808426
2020-11-30,276.03,277.7,271.01,276.97,16693340
2020-12-01,279.16,289.3,278.96,286.55,20777910
2020-12-02,285.36,291.78,280.825,287.52,17361620
2020-12-03,286.25,286.65,281.07,281.85,12921690
2020-12-04,280.3,283.46,279.3,279.7,10880300
2020-12-07,279.19,288.49,278.2,285.58,13007670
2020-12-08,286.01,286.4272,281.55,283.4,10747650
2020-12-09,283.66,287.63,271.75,277.92,25189710
2020-12-10,275.535,278.73,271.86,277.12,20065090
2020-12-11,274.53,276.48,270.25,273.55,14391400
2020-12-14,273.372,277.22,271.56,274.19,16376880
2020-12-15,274.83,276.08,267.47,275.55,23979460
2020-12-16,274.76,277.86,272.51,275.67,15885000
2020-12-17,277.07,280.44,273.61,274.48,16377840
2020-12-18,275.775,278,271.14,276.4,26693250
2020-12-21,272.978,274.67,267.79,272.79,16553740
2020-12-22,271.5,271.5,264.63,267.09,17335000
2020-12-23,266.89,272.1699,266.23,268.11,14329040
2020-12-24,268.875,270.4,266.2,267.4,6702033
2020-12-28,268.74,277.3,265.66,277,23299710
2020-12-29,276.95,280.51,276.28,276.78,16383000
2020-12-30,277.95,278.08,271.71,271.87,11803800
2020-12-31,272,277.09,269.81,273.16,12900410
2021-01-04,274.78,275,265.2,268.94,15106110
2021-01-05,268.29,272.4,268.2111,270.97,9871557
2021-01-06,262,267.75,260.01,263.31,24354150
2021-01-07,265.9,271.61,264.78,268.74,15789760
2021-01-08,268.31,268.95,263.18,267.57,18528250
2021-01-11,260.48,263.47,255.9,256.84,30412290
2021-01-12,256.63,259.72,250.3,251.09,26449940
2021-01-13,251.55,253.95,249.2,251.64,19528940
2021-01-14,253.4,255.03,244.61,245.64,29739400
2021-01-15,247.9,253.86,247.16,251.36,24942930
2021-01-19,256.9,262.2,252.7201,261.1,28028550
2021-01-20,268.93,270.32,263.6,267.48,25199920
2021-01-21,269.26,273.6,267.4901,272.87,20838690
2021-01-22,272.01,278.47,272,274.5,21954040
2021-01-25,278.14,280.1,271.51,278.01,19086990
2021-01-26,278.14,285.39,277.81,282.05,19373640
2021-01-27,282.53,283.45,268.1201,272.14,35346190
2021-01-28,277.18,286.79,264.7,265,37758840
2021-01-29,265.3,266.56,254.85,258.33,30389500
2021-02-01,259.52,264.17,254.91,262.01,22914260
2021-02-02,264,268.85,263.27,267.08,17320790
2021-02-03,265.62,269.2,263.84,266.65,14223380
2021-02-04,267.01,268.16,264,266.49,16059960
2021-02-05,266.8,269.17,265.67,268.1,12454370
2021-02-08,268.75,269.86,265,266.58,13755190
2021-02-09,266.44,273.39,265.75,269.45,14613380
2021-02-10,272.4465,273.7999,267.72,271.87,14687150
2021-02-11,271.89,273.58,268.49,270.39,12828570
2021-02-12,270.52,271.18,268.34,270.5,9097597
2021-02-16,270.8,276.6,270.05,273.97,15417240
2021-02-17,271.24,273.97,269.58,273.57,12763240
2021-02-18,269.565,271.95,266.03,269.39,15249130
2021-02-19,269.86,270.27,260.15,261.56,25622590
2021-02-22,257.95,263.07,257.53,260.33,17434870
2021-02-23,259.5,267.46,254.96,265.855,21924560
2021-02-24,262.325,266.38,258.39,264.31,15736120
2021-02-25,262.3,266.94,254.04,254.69,19053140
2021-02-26,256.47,265.55,256.47,257.62,26619520
2021-03-01,260.82,266.65,257.9039,264.91,22157260
2021-03-02,265.78,266.71,258.65,259,15191720
2021-03-03,260.29,260.9899,255.1,255.41,15513520
2021-03-04,256.47,266.49,253.5,257.64,31626460
2021-03-05,260.67,265.45,255.61,264.28,26820060
2021-03-08,265.55,265.58,255.05,255.31,18391770
2021-03-09,261.175,268.53,259.81,265.74,22039740
2021-03-10,268.64,268.97,262.87,264.9,14210320
2021-03-11,268.11,277.9,267.82,273.88,21833980
2021-03-12,269.14,269.74,264.02,268.4,20600200
2021-03-15,269.08,275.96,268.5,273.75,16856750
2021-03-16,276.085,282.14,274.8,279.28,22437670
2021-03-17,275.705,286.23,275.41,284.01,21315040
2021-03-18,279.87,285.1899,278.28,278.62,18754850
2021-03-19,281.22,292.8,281.195,290.11,38930540
2021-03-22,290.45,299.705,286.7501,293.54,28273070
2021-03-23,293.15,298,289.81,290.63,23000930
2021-03-24,291,291.72,281.16,282.14,18675050
2021-03-25,280.98,288.06,277.75,278.74,24505650
2021-03-26,278.302,284.5,277.77,283.02,17629190
2021-03-29,285.77,293.18,284.7,290.82,21718830
2021-03-30,289.83,292.47,286.7,288,17474540
2021-03-31,289.99,296.5,288.61,294.53,19498160
2021-04-01,298.4,302.4,296.6,298.66,17615980
2021-04-05,300.89,310.765,300.68,308.91,28237010
2021-04-06,308.837,311.35,305.25,306.26,17335250
2021-04-07,306.34,314.25,305.5,313.09,22855240
2021-04-08,314.85,315.88,310.05,313.02,20894150
2021-04-09,311.4,314.74,310.33,312.46,15988570
2021-04-12,311.05,312.15,307.93,311.54,10881940
2021-04-13,312.21,314.428,309.32,309.76,14036930
2021-04-14,307.3,308.03,301.95,302.82,17421390
2021-04-15,306.34,310.14,304.1,307.82,14558270
2021-04-16,308.17,308.95,304.61,306.18,13059160
2021-04-19,305.007,307.7,300.56,302.24,14553510
2021-04-20,301.99,305.1,297.21,302.65,16796440
2021-04-21,301.945,301.98,297.39,301.47,14863470
2021-04-22,301.33,302.92,296.04,296.52,16375350
2021-04-23,298.76,302.59,297.15,301.13,17559500
2021-04-26,303.34,305.8,301.56,303.04,16172590
2021-04-27,304.28,305.34,301.11,303.57,15309260
2021-04-28,307.36,310.92,305.37,307.1,33907210
2021-04-29,330.12,331.81,321.61,329.51,56526770
2021-04-30,326.144,329.82,324.5,325.08,26332420
2021-05-03,326.17,328.55,321.84,322.58,18719460
2021-05-04,320.025,322.19,313.12,318.36,24032560
2021-05-05,318.19,321.06,314.49,315.02,15577610
2021-05-06,314.52,320.24,313.275,320.02,19012240
2021-05-07,322.38,322.935,318.75,319.08,15916740
2021-05-10,314.35,314.5786,304.83,305.97,24239170
2021-05-11,300.75,306.84,299.69,306.53,18920090
2021-05-12,301.13,304.96,298.19,302.55,24641010
2021-05-13,306.0833,308.86,302.7701,305.26,18079160
2021-05-14,309.54,316.85,309.08,315.94,19245720
2021-05-17,313.55,315.68,311.58,315.46,15371050
2021-05-18,315.59,316.5,309.81,309.96,14522400
2021-05-19,304.185,314.66,303.57,313.59,19106240
2021-05-20,313.58,319.25,313.16,318.61,17320240
2021-05-21,319.29,319.93,315.8101,316.23,13600900
2021-05-24,318.21,325.95,318.03,324.63,16445360
2021-05-25,327.08,329.18,324.8,327.79,16436970
2021-05-26,328.35,329.8299,325.82,327.66,9686917
2021-05-27,328,333.78,326.76,332.75,20477730
2021-05-28,331,332.8684,328.33,328.73,12037430
2021-06-01,330.15,331.42,326.64,329.13,11765910
2021-06-02,330.38,331.87,327.1215,329.15,11654280
2021-06-03,325.78,327.375,323.48,326.04,12610790
2021-06-04,325.9,332.455,325.18,330.35,13289380
2021-06-07,329.48,337.69,328.93,336.58,20136710
2021-06-08,336.7,338.2999,332.24,333.68,14580460
2021-06-09,335.74,336.8,330,330.25,13727950
2021-06-10,330.785,333.94,328.545,332.46,13240230
2021-06-11,332.58,332.83,328.93,331.26,13587920
2021-06-14,331.9,336.82,329.81,336.77,12250800
2021-06-15,336.99,339.92,335.03,336.75,15795230
2021-06-16,336.695,337.55,328.72,331.08,17232160
2021-06-17,330.49,337.98,330.15,336.51,17794080
2021-06-18,334.53,336.15,329,329.66,23039460
2021-06-21,331.09,332.92,327.65,332.29,11337520
2021-06-22,332.685,339.92,332.6,339.03,15345300
2021-06-23,339.35,343.4199,338.2,340.59,14817820
2021-06-24,341.85,344.9,341.79,343.18,12329100
2021-06-25,342.59,344.12,339.68,341.37,14594440
2021-06-28,342.46,358.14,341.77,355.64,29156130
2021-06-29,356.27,356.74,349.05,351.89,21417310
2021-06-30,352.165,352.92,347.17,347.71,15107510
2021-07-01,346.82,354.6699,346.5,354.39,17137020
2021-07-02,355.1,356.44,352.62,354.7,11524610
2021-07-06,356.5,358.79,349.18,352.78,13488460
2021-07-07,355.26,356.49,350,350.49,14218870
2021-07-08,345.73,348.33,342.56,345.65,14406460
2021-07-09,345.32,350.71,345.265,350.42,13018690
2021-07-12,351.23,354.19,349.64,353.16,10018620
2021-07-13,351.5,358.49,348.8,352.09,11455960
2021-07-14,354.56,355.2,346.73,347.63,13894220
2021-07-15,349.2348,349.2348,340.22,344.46,14781590
2021-07-16,344.91,345.9899,340.14,341.16,11026090
2021-07-19,337.57,339.79,334.54,336.95,14372350
2021-07-20,338.8,343.45,334.5,341.66,11024280
2021-07-21,341.5,346.52,341.25,346.23,9279657
2021-07-22,346.68,351.54,345.21,351.19,12385440
2021-07-23,360.91,375.33,357.19,369.79,33694330
2021-07-26,369.58,374.44,368.22,372.46,14925220
2021-07-27,371.91,373.15,364.55,367.81,15705450
2021-07-28,374.56,377.5499,366.93,373.28,29676910
2021-07-29,361,365.52,356.74,358.32,33413240
2021-07-30,354,360.73,352.94,356.3,15976180
2021-08-02,358.1,359.4,350.74,351.95,13180440
2021-08-03,352.73,353.7699,347.7,351.24,12406050
2021-08-04,352.42,360.48,351.51,358.92,14180570
2021-08-05,359.64,363.9,356.9,362.97,10247210
2021-08-06,361.4,365.15,361.395,363.51,8925017
2021-08-09,363.762,365.775,360.75,361.61,7798872
2021-08-10,361.825,364.1,359.0435,361.13,7469878
2021-08-11,362.1,362.36,357.81,359.96,8400332
2021-08-12,358.45,363,357.11,362.65,7175206
2021-08-13,362.97,364.6607,361.48,363.18,7195724
2021-08-16,362.52,366.95,357.38,366.56,11232270
2021-08-17,362.98,364.67,355.07,358.45,12328740
2021-08-18,356.25,359.86,355.15,355.45,10042380
2021-08-19,351.345,357.57,351,355.12,12004540
2021-08-20,354.6,359.9898,353.31,359.37,8697667
2021-08-23,359.44,365.69,359.1,363.35,10942010
2021-08-24,363.66,367.9559,361.84,365.51,9235148
2021-08-25,365.6,370.86,365.4,368.39,9684519
2021-08-26,368.375,369.44,364.13,364.38,7888683
2021-08-27,365.1,373.74,364.08,372.63,11219140
2021-08-30,372.56,381.49,370.52,380.66,13547260
2021-08-31,379.95,382.759,378.8,379.38,12345350
2021-09-01,379.59,384.33,378.81,382.05,11567160
2021-09-02,381.5,381.75,374.06,375.28,14838270
2021-09-03,374.75,377.16,373.11,376.26,7511356
2021-09-07,375.88,382.96,373.15,382.18,10798920
2021-09-08,380.16,380.87,374.79,377.57,11067170
2021-09-09,377.64,379.83,376.565,378,9098941
2021-09-10,381.361,383.79,378.26,378.69,11549600
2021-09-13,381.68,381.75,374.3451,376.51,13026280
2021-09-14,377.4,378.59,375.11,376.53,8711569
2021-09-15,377,377.555,367.67,373.92,17940300
2021-09-16,372.79,373.56,369.71,373.06,11934220
2021-09-17,371.405,371.41,361.59,364.72,26298970
2021-09-20,359.3,361.03,349.8,355.7,19822770
2021-09-21,358.5,360.04,355.19,357.48,11751920
2021-09-22,347.23,349.84,340.6901,343.21,43692860
2021-09-23,345.355,349.67,343,345.96,21806260
2021-09-24,343.239,354.35,342.37,352.96,18801930
2021-09-27,349.805,355.15,347.08,353.58,15205840
2021-09-28,347.97,349.6,338.92,340.65,21710290
2021-09-29,343.15,345.23,338.88,339.61,14452240
2021-09-30,340.445,342.8,338.15,339.39,16547090
2021-10-01,341.61,345.02,338.64,343.01,14905310
2021-10-04,335.53,335.94,322.7,326.23,42884980
2021-10-05,328.58,335.18,326.1638,332.96,35377950
2021-10-06,329.74,334.38,325.8,333.64,26443010
2021-10-07,337,338.84,328.98,329.22,28307460
2021-10-08,331.51,333.4,328.71,330.05,15946110
2021-10-11,327.625,330.46,325.31,325.45,14708220
2021-10-12,323.03,324.38,317.37,323.77,31658680
2021-10-13,326.97,327,322.66,324.54,14761470
2021-10-14,328.355,330.52,327.1,328.53,14302150
2021-10-15,328.68,329.07,322.51,324.76,21596370
2021-10-18,328.95,335.89,327.5,335.34,21585020
2021-10-19,339.645,342.46,337.28,339.99,18786320
2021-10-20,343.445,343.98,339.4531,340.78,13639470
2021-10-21,340.275,342.31,337.8,341.88,16354420
2021-10-22,326.345,329.63,321.11,324.61,35224540
2021-10-25,320.3,329.56,319.72,328.69,38408960
2021-10-26,328.26,330.2099,309.6,315.81,65654040
2021-10-27,314.19,319.25,312.06,312.22,29971760
2021-10-28,312.99,325.52,308.11,316.92,50806840
2021-10-29,320.19,325.9999,319.6,323.57,37059380
2021-11-01,326.04,333.45,326,329.98,31518890
2021-11-02,331.38,334.7895,323.8,328.08,28352970
2021-11-03,327.49,332.15,323.2,331.62,20786500
2021-11-04,334.007,337.273,332.65,335.85,22495280
2021-11-05,340.31,346.79,339.64,341.13,26872820
2021-11-08,344.42,344.789,338.34,338.62,18342460
2021-11-09,340,341.3075,334.47,335.37,17556720
2021-11-10,332.49,333.19,325.51,327.64,21872610
2021-11-11,329.82,332.459,327,327.74,12376560
2021-11-12,330.18,341.86,329.78,340.89,25414310
2021-11-15,344.34,353.65,343.2,347.56,25076600
2021-11-16,343.83,346.65,340.87,342.96,18181110
2021-11-17,344.24,347.3,340.1,340.77,13602810
2021-11-18,339.72,342.46,335.3,338.69,17487240
2021-11-19,342.2,352.1,339.9,345.3,26488540
2021-11-22,349.05,353.83,340.51,341.01,27116810
2021-11-23,338.93,341.3999,333.5,337.25,17224990
2021-11-24,336,341.78,332.81,341.06,13566180
2021-11-26,335.795,337.75,331.902,333.12,14750740
2021-11-29,336.89,340.67,335.305,338.03,16650950
2021-11-30,335,335.81,323.43,324.46,25390010
2021-12-01,330.29,330.5,310.29,310.6,30384080
2021-12-02,311.4,314.6,307.2,310.39,24396170
2021-12-03,313.73,313.75,299.5,306.84,27471010
2021-12-06,308.13,320.1,306.34,317.87,21758340
2021-12-07,321.57,326.54,321,322.81,18794050
2021-12-08,325,332.75,323.07,330.56,19937720
2021-12-09,329.54,336.13,328,329.82,16879170
2021-12-10,332.555,335.03,326.37,329.75,14527970
2021-12-13,330.95,341.09,329.59,334.49,22948660
2021-12-14,328.05,335.7,327.65,333.74,20461020
2021-12-15,332.494,342.11,323.98,341.66,24681330
2021-12-16,338.98,344.46,333.74,334.9,22635030
2021-12-17,332.795,337.11,330.75,333.79,40012640
2021-12-20,329.775,329.9,322.53,325.45,17901780
2021-12-21,326.41,336,323.75,334.2,16116780
2021-12-22,333.8,334.51,328.26,330.45,16764570
2021-12-23,330.1,336.67,328.36,335.24,13987700
2021-12-27,338.845,347.87,338.01,346.18,17795030
2021-12-28,346.63,352.71,345.2,346.22,16637610
2021-12-29,346.91,349.6899,341.6401,342.94,10747010
2021-12-30,344,347.23,343.22,344.36,10593350
2021-12-31,343.015,343.44,336.27,336.35,12870480
2022-01-03,338.295,341.0816,337.19,338.54,14562850
2022-01-04,339.95,343.0854,331.8711,336.53,15997970
2022-01-05,333.02,335.76,323.84,324.17,20564520
2022-01-06,322.82,339.165,322.72,332.46,27962810
2022-01-07,332.74,337,328.8801,331.79,14722020
2022-01-10,325.31,328.34,315.43,328.07,24942380
2022-01-11,326.78,334.63,325.28,334.37,16226850
2022-01-12,335.18,336.365,330.03,333.26,14104860
2022-01-13,334.98,335.63,325.76,326.48,14797110
2022-01-14,321.79,332.73,321.21,331.9,16868500
2022-01-18,323.29,324.21,317.64,318.15,22677330
2022-01-19,319.582,327.1,319.33,319.59,20814740
2022-01-20,323.9,327.82,315.98,316.56,16925030
2022-01-21,314.81,318.31,303.04,303.17,28710720
2022-01-24,297.84,309.53,289.01,308.71,38936900
2022-01-25,299.95,306.23,297.58,300.15,25108450
2022-01-26,307.01,307.51,290.85,294.63,28348800
2022-01-27,297.752,301.709,294.26,294.64,21629920
2022-01-28,295.6204,301.9,293.0333,301.71,21871620
2022-01-31,300.68,313.79,299.32,313.26,21579470
2022-02-01,314.555,319.6598,312.12,319,18023800
2022-02-02,327.82,328,316.8747,323,58458280
2022-02-03,244.645,248,235.745,237.76,188119900
2022-02-04,234.97,242.6099,230.11,237.09,89342250
2022-02-07,237.7,238.3,224.01,224.91,88613830
2022-02-08,220.85,225.77,216.15,220.18,94729670
2022-02-09,224.2,233.37,222.21,232,86563280
2022-02-10,228.27,235,226.7,228.07,49310360
2022-02-11,228.46,230.42,218.7701,219.55,46156940
2022-02-14,219.31,221,214.78,217.7,38184040
2022-02-15,220.47,221.15,215.06,221,42685470
2022-02-16,212.41,217.46,212.36,216.54,45817460
2022-02-17,214.02,217.5,207.1601,207.71,38747530
2022-02-18,209.39,210.75,205.18,206.16,37128440
2022-02-22,202.34,207.48,200.06,202.08,39852390
2022-02-23,204.16,206.94,198.05,198.45,44481360
2022-02-24,191.06,208.35,190.22,207.6,49957170
2022-02-25,204.94,211.32,203.18,210.48,37627550
2022-02-28,207.675,213.1508,206.83,211.03,34239800
2022-03-01,209.87,211.7517,202.22,203.49,27094900
2022-03-02,204.775,209.15,202.02,208.11,29452150
2022-03-03,209.015,209.08,201.42,202.97,27263520
2022-03-04,202.37,205.89,198.79,200.06,32146260
2022-03-07,200.79,200.89,187.28,187.47,38560610
2022-03-08,187.85,196.7,186.11,190.29,37508150
2022-03-09,195.74,199.1,193.92,198.5,31894700
2022-03-10,194.84,196.28,191.068,195.21,24852980
2022-03-11,192.635,193.56,186.67,187.61,34694530
2022-03-14,187.03,192.29,185.82,186.63,31010460
2022-03-15,190.8,192.28,185.911,192.03,31721680
2022-03-16,194.7,203.73,194.52,203.63,40640260
2022-03-17,201.7,208.04,201.11,207.84,29499680
2022-03-18,206.7,216.8,206,216.49,52127980
2022-03-21,214.5,214.71,207.63,211.49,30142340
2022-03-22,211.37,219.46,210.18,216.65,31998800
2022-03-23,213.33,216.7988,212.16,213.46,23717320
2022-03-24,215,220.67,214.79,219.57,31502310
2022-03-25,220.51,225.5,218.8901,221.82,40039030
2022-03-28,222.13,224.04,219.54,223.59,26224140
2022-03-29,226.07,230.89,225.29,229.86,31417860
2022-03-30,228.91,231.151,226.71,227.85,25588050
2022-03-31,228.45,228.49,222.26,222.36,24192270
2022-04-01,224.55,227.28,222.7,224.85,19544760
2022-04-04,225.98,234.351,225.86,233.89,28100830
2022-04-05,234.08,236.86,231.02,231.84,29727180
2022-04-06,226.91,228.9899,221.405,223.3,28995080
2022-04-07,223.93,225.52,218.56,222.95,21037190
2022-04-08,222.38,225.13,220.0283,222.33,18375710
2022-04-11,218.42,220.61,215.2198,216.46,20516590
2022-04-12,220.235,222.03,213.13,214.14,20128830
2022-04-13,211.82,216.61,211.33,214.99,19231820
2022-04-14,214.89,214.99,210,210.18,18379460
2022-04-18,210,213.38,208.3,210.77,16580790
2022-04-19,210.52,218.4299,209,217.31,20089870
2022-04-20,213.605,214.16,198.92,200.42,43036530
2022-04-21,201.6,202.965,185.58,188.07,49954080
2022-04-22,190.37,192.72,183.27,184.11,36426770
2022-04-25,182.73,187.18,181.655,186.99,29281060
2022-04-26,186.63,187.185,179.5,180.95,31747430
2022-04-27,174.43,181.2099,169,174.95,71062890
2022-04-28,202.92,208.53,192.9,205.73,100890600
2022-04-29,204.46,212.48,199.9,200.47,49193430
2022-05-02,201.165,211.88,200.99,211.13,49915290
2022-05-03,210.45,214.8999,208.09,212.03,41556270
2022-05-04,210.65,224.3,206.96,223.41,41375880
2022-05-05,218.74,220.17,206.16,208.28,41129190
2022-05-06,207.34,209.38,201.02,203.77,34747160
2022-05-09,199.84,202.57,195.58,196.21,36303200
2022-05-10,199.51,202.96,194.19,197.65,34452490
2022-05-11,196.325,200.6742,188.27,188.74,31153380
2022-05-12,187.055,198.05,184.78,191.24,38262230
2022-05-13,192.58,199.89,191.28,198.62,24549840
2022-05-16,197.05,205.37,195.93,200.04,27112600
2022-05-17,202.115,205.46,198.36,202.62,24872730
2022-05-18,200,201,191.63,192.24,23959970
2022-05-19,191.2,195.29,189.6,191.29,24446940
2022-05-20,194.97,197.91,187.87,193.54,31465570
2022-05-23,195.19,196.9924,191.24,196.23,25059160
2022-05-24,180.55,183.6759,176.11,181.28,50406270
2022-05-25,180.4,185.45,179.32,183.83,28030190
2022-05-26,182.878,192.8301,182.26,191.63,23056460
2022-05-27,191.36,195.3329,189.8,195.13,22562730
2022-05-31,194.885,197.6,192.01,193.64,26131100
2022-06-01,196.51,199.53,185,188.64,36623500
2022-06-02,188.45,200.935,187.73,198.86,31951580
2022-06-03,195.98,196.61,189.78,190.78,19464990
2022-06-06,193.99,196.92,188.4,194.25,30574240
2022-06-07,191.93,196.53,191.49,195.65,18828690
2022-06-08,194.67,202.03,194.41,196.64,22267150
2022-06-09,194.28,199.45,183.68,184,23501580
2022-06-10,183.04,183.1,175.02,175.57,27478350
2022-06-13,170.59,172.575,164.03,164.26,31749300
2022-06-14,166.03,166.75,161.3601,163.73,27244270
2022-06-15,167.2,172.16,163.975,169.35,30008250
2022-06-16,163.72,165.08,159.61,160.87,26944140
2022-06-17,161.68,165.9,159.9,163.74,31374220
2022-06-21,165.93,167.76,155.97,157.05,50724900
2022-06-22,158.38,160.79,155.44,155.85,47596820
2022-06-23,156.27,159.75,154.25,158.75,40499200
2022-06-24,161.725,170.25,161.3,170.16,68736010
2022-06-27,171.32,171.75,168.01,169.49,29174560
2022-06-28,169.9,171.3,160.61,160.68,27788730
2022-06-29,163.57,166.33,160.32,163.94,28595240
2022-06-30,162.15,165.23,158.49,161.25,35250610
2022-07-01,160.31,160.62,155,160.03,31423930
2022-07-05,158.14,168.25,157.02,168.19,28664800
2022-07-06,168.2,171.59,165.46,169.77,23085920
2022-07-07,169.45,172.72,167.78,172.19,24083370
2022-07-08,169.98,172.4,168.1501,170.88,19249240
2022-07-11,167.065,167.49,161.91,162.88,21905130
2022-07-12,164.8,165.9107,162.1,163.27,16639660
2022-07-13,160.16,164.98,159.6127,163.49,16555140
2022-07-14,161.22,162.59,157.2801,158.05,23765170
2022-07-15,160.54,164.98,159.82,164.7,23342810
2022-07-18,166.75,171.685,165.64,167.23,23574340
2022-07-19,170.37,176.49,169.51,175.78,25933680
2022-07-20,177.485,183.6,176.7,183.09,24784270
2022-07-21,180.63,183.85,178.87,183.17,27195820
2022-07-22,173.07,175.5995,168.41,169.27,42583920
2022-07-25,169,170.57,164.805,166.65,26166330
2022-07-26,165.94,166,157.95,159.15,28468420
2022-07-27,162.59,170.87,162.02,169.58,43846560
2022-07-28,161.06,161.51,154.85,160.72,73214330
2022-07-29,157.69,160.14,155.17,159.1,42065400
2022-08-01,157.25,165.19,155.2301,159.93,40596700
2022-08-02,158.31,162.24,158.01,160.19,27374520
2022-08-03,162.69,169.54,161.57,168.8,31717530
2022-08-04,168.295,172.15,166.8,170.57,23938210
2022-08-05,166.99,171.612,165.8,167.11,25832700
2022-08-08,168,177.51,167.13,170.25,27299110
2022-08-09,168.95,169.53,166.6,168.53,18655060
2022-08-10,175.99,180.48,173.95,178.34,30262130
2022-08-11,179.71,183.1,176.37,177.49,24079060
2022-08-12,180.81,181.4572,178.911,180.5,21274050
2022-08-15,178.96,181.44,178.2,180.89,15878670
2022-08-16,179.44,180.99,177.035,179.47,21156710
2022-08-17,176.76,178.14,174.17,174.85,20118130
2022-08-18,174.34,175.76,171.86,174.66,18844450
2022-08-19,170.2,172.32,167.05,167.96,26240800
2022-08-22,165.49,165.49,162.26,163.05,19499710
2022-08-23,162.48,165.05,160.7,161.11,18111780
2022-08-24,160.6,165.46,159.77,163.26,20891480
2022-08-25,165.18,168.88,164.02,168.78,15550510
2022-08-26,168.48,170.92,161.6726,161.78,24023630
2022-08-29,160.655,163.05,159.01,159.17,20052660
2022-08-30,160.355,161.66,155.91,157.16,19567950
2022-08-31,167.07,167.84,162.14,162.93,40952980
2022-09-01,163.58,167.3599,160.345,165.36,30145680
2022-09-02,167.45,167.93,159.22,160.32,22634190
2022-09-06,160.1,161.69,157.69,158.54,19339780
2022-09-07,157.76,160.955,156.81,160.39,16831180
2022-09-08,158.71,162.23,157.74,162.06,22530790
2022-09-09,163.248,169.54,163.02,169.15,22129800
2022-09-12,167.39,171.39,167.28,168.96,23220410
2022-09-13,161.54,161.63,152.67,153.13,44444060
2022-09-14,153.33,153.54,149.05,151.47,43064200
2022-09-15,149.8,154.1984,148.7,149.55,34606350
2022-09-16,148.05,148.58,144.2935,146.29,40122820
2022-09-19,145.235,148.58,145.1,148.02,22169480
2022-09-20,145.775,148.84,145.22,146.09,23217350
2022-09-21,146.39,149.6,142,142.12,38338610
2022-09-22,141.55,144.58,140.87,142.82,34418520
2022-09-23,141.42,142.62,138.89,140.41,31710690
2022-09-26,140.12,142.24,136.19,136.37,30497020
2022-09-27,137.92,139.42,134.1201,134.4,30826470
2022-09-28,134.62,142.03,134.27,141.61,32658480
2022-09-29,139.36,139.84,135.2,136.41,38985410
2022-09-30,136.05,140.99,135.5,135.68,33166390
2022-10-03,137.14,139.62,136.1,138.61,27723060
2022-10-04,140.49,142.3901,139.34,140.28,34670730
2022-10-05,138.24,140.21,134.78,138.98,27979350
2022-10-06,137.715,141.45,136.6,139.07,36231060
2022-10-07,136.76,138.29,132.44,133.45,33214770
2022-10-10,133.55,136.11,131.87,133.79,24023980
2022-10-11,131.62,132.66,126.99,128.54,38481400
2022-10-12,128.32,129.67,126.25,127.5,34605250
2022-10-13,123.53,131.14,122.5301,130.29,34325720
2022-10-14,131,131.79,126.52,126.76,23559410
2022-10-17,130.3,134.79,130.18,134.04,29612250
2022-10-18,137.085,137.8399,131.4,132.8,25444980
2022-10-19,132.89,137,132.22,133.23,30691050
2022-10-20,132.93,136.77,131.31,131.53,26356280
2022-10-21,126.31,130.12,125.44,130.01,46348650
2022-10-24,127.25,133.48,124.57,129.72,63563450
2022-10-25,130.875,138.35,130.59,137.51,38433220
2022-10-26,131.68,135.55,128.53,129.82,89294680
2022-10-27,97.975,102.5,96.38,97.94,232316600
2022-10-28,99.58,100.85,97.51,99.2,95928310
2022-10-31,98.22,99.32,92.6,93.16,121361400
2022-11-01,94.33,97.49,93.55,95.2,110189600
2022-11-02,94.205,95.2,90.48,90.54,71821060
2022-11-03,90.08,90.4576,88.41,88.91,60664010
2022-11-04,90.35,91.39,88.09,90.79,55638060
2022-11-07,94.78,96.88,93.1,96.72,81987300
2022-11-08,95.92,97.8,94.79,96.47,52088320
2022-11-09,101.72,104.9,100.74,101.47,107677300
2022-11-10,107.12,112.75,104.61,111.87,80670960
2022-11-11,109.23,114.9,108.81,113.02,59961740
2022-11-14,110.99,116.27,110.8,114.22,53394970
2022-11-15,116.07,118.74,114.4116,117.08,50670500
2022-11-16,114.5,116.075,112.66,113.23,33287770
2022-11-17,110.41,112.33,109.8,111.45,35093820
2022-11-18,113.8,114.32,110.62,112.05,33357710
2022-11-21,111.52,112.3699,109.19,109.86,24351070
2022-11-22,109.86,111.62,108.3216,111.44,29028960
2022-11-23,111.72,112.67,110.73,112.24,21343080
2022-11-25,111.3,112.73,111.02,111.41,12007570
2022-11-28,110.78,112.04,108.38,108.78,23332820
2022-11-29,109.54,110.94,108.5437,109.46,23899240
2022-11-30,109.505,118.16,109.38,118.1,43348560
2022-12-01,119.198,121.2,118.4,120.44,36551370
2022-12-02,117.83,124.04,117.61,123.49,39950460
2022-12-05,121.75,124.67,121.35,122.43,35474880
2022-12-06,119.91,120.55,113.74,114.12,43689180
2022-12-07,113.76,115.88,112.88,113.93,29461140
2022-12-08,116.39,117.34,114.59,115.33,30619420
2022-12-09,115.3,117.54,113.87,115.9,26033350
2022-12-12,115.18,115.72,113.14,114.71,24747060
2022-12-13,122.13,123.3,118.64,120.15,44701050
2022-12-14,119.39,124.14,119.39,121.59,36922040
2022-12-15,118.33,118.625,114.01,116.15,34530970
2022-12-16,120.23,123.31,118.8214,119.43,67064000
2022-12-19,116.83,117.8,114.331,114.48,29769880
2022-12-20,113.26,117.33,112.46,117.09,28742500
2022-12-21,116.7,120.34,115.62,119.76,20392800
2022-12-22,117.2,118.62,114.38,117.12,23618120
2022-12-23,116.03,118.175,115.535,118.04,17796630
2022-12-27,117.93,118.6,116.0501,116.88,21392310
2022-12-28,116.25,118.15,115.51,115.62,19612470
2022-12-29,116.4,121.03,115.77,120.26,22366190
2022-12-30,118.16,120.42,117.74,120.34,19583830
2023-01-03,122.82,126.37,122.28,124.74,35528530
2023-01-04,127.38,129.0498,125.85,127.37,32397090
2023-01-05,126.125,128.52,124.54,126.94,25447100
2023-01-06,128.97,130.33,126.04,130.02,27584500
2023-01-09,131.16,132.95,129.28,129.47,26649150
2023-01-10,127.27,133.44,127.15,132.99,28684430
2023-01-11,130.96,133.8494,130.34,132.89,25423050
2023-01-12,133.44,137.6781,131.76,136.71,30757730
2023-01-13,134.97,137.39,134.835,136.98,22423840
2023-01-17,136.176,136.75,134.25,135.36,21147590
2023-01-18,135.81,137.25,132.8,133.02,20215490
2023-01-19,132.49,137.45,132.14,136.15,28625230
2023-01-20,135.89,139.94,134.61,139.37,28688630
2023-01-23,139.29,143.76,138.66,143.27,27470090
2023-01-24,141.69,145,141.36,143.14,21970190
2023-01-25,141.22,143.17,140.31,141.5,26622020
2023-01-26,144.4,147.51,143.3,147.3,25482080
2023-01-27,148.237,153.19,147.39,151.74,35771870
2023-01-30,149.405,151.1233,146.95,147.06,28040100
2023-01-31,147.95,149.88,147.52,148.97,29842110
2023-02-01,148.03,153.58,147.06,153.12,55661020
2023-02-02,183.38,197.16,180.16,188.77,150475700
2023-02-03,183.465,196.77,182.89,186.53,76809700
2023-02-06,186.53,190.7,185.5156,186.06,42483810
2023-02-07,185.575,193.7799,184.4,191.62,47080660
2023-02-08,190,190.83,182.92,183.43,36139070
2023-02-09,186.13,186.65,177.27,177.92,37118810
2023-02-10,176.353,178.89,173.35,174.15,33433570
2023-02-13,178.215,181,175.82,179.43,31463220
2023-02-14,177.16,181.5064,175.88,179.48,24034630
2023-02-15,176.415,178.19,175.33,177.16,25337970
2023-02-16,172.75,175.85,171.79,172.44,25827470
2023-02-17,170.22,173.18,169.7,172.88,24171260
2023-02-21,174.31,178.17,171.88,172.08,34592580
2023-02-22,171.07,172.755,169.69,171.12,22433160
2023-02-23,172,173.69,169.38,172.04,20017780
2023-02-24,168.64,170.72,167.66,170.39,19791330
2023-02-27,171.875,173.12,169.06,169.54,19277000
2023-02-28,171.9,177.55,171.87,174.94,46051120
2023-03-01,174.59,177.85,173.05,173.42,30998380
2023-03-02,172.38,175.01,171.43,174.53,17360710
2023-03-03,178.92,186.62,177.05,185.25,45877690
2023-03-06,188,189.66,184.64,184.9,33209390
2023-03-07,189,190.36,184.01,184.51,36701500
2023-03-08,182.87,185.26,181.34,184.97,19432410
2023-03-09,186.35,188.93,180.3,181.69,26582750
2023-03-10,181.01,184.77,178.8,179.51,25665030
2023-03-13,177.96,183.78,174.82,180.9,24727970
2023-03-14,187.58,194.32,186.56,194.02,41642630
2023-03-15,192.95,197.78,190.8351,197.75,42123550
2023-03-16,198.26,205.76,196.0886,204.93,50819660
2023-03-17,200.56,201.9,195.4304,195.61,50141100
2023-03-20,198.48,199.36,193.64,197.81,25186320
2023-03-21,203.2,203.55,197.95,202.16,31826950
2023-03-22,202.5,207.37,199.67,199.81,28477760
2023-03-23,202.84,207.88,202.15,204.28,27389670
2023-03-24,205.18,207.58,203.55,206.01,27733040
2023-03-27,204.81,205.86,201.36,202.84,18527180
2023-03-28,200.15,201.03,197.9,200.68,19127300
2023-03-29,203.56,205.72,202.5355,205.35,18851140
2023-03-30,203.38,208.09,202.82,207.84,22608300
2023-03-31,207.24,212.17,206.77,211.94,25440270
2023-04-03,208.84,213.4861,208.2,213.07,17924610
2023-04-04,213.39,216.24,212.54,214.72,21026370
2023-04-05,214.15,215.19,209.94,211.48,19396630
2023-04-06,209.25,216.94,208.65,216.1,26104410
2023-04-10,214.71,215.66,210.66,214.75,16106070
2023-04-11,215.48,216.02,213.41,213.85,16710100
2023-04-12,214.835,216.84,212.584,214,18972170
2023-04-13,215.73,221.15,215.69,220.35,23310360
2023-04-14,217.88,222.11,217.55,221.49,21591210
2023-04-17,219.79,220.979,217.13,218.86,15481870
2023-04-18,219.91,220.44,216.21,217.89,12280980
2023-04-19,213.472,217.33,212.93,215.7,15898080
2023-04-20,213.48,216.75,212.77,213.07,16475440
2023-04-21,210.21,213.41,209.58,212.89,17717170
2023-04-24,213.675,213.92,210.71,212.79,15750920
2023-04-25,210.815,211.26,207.13,207.55,19198180
2023-04-26,212.5,214.11,208.88,209.4,41992730
2023-04-27,239.89,241.685,236.77,238.56,71196530
2023-04-28,239.01,240.43,235.75,240.32,39554040
2023-05-01,238.615,244,236.46,243.18,29143910
2023-05-02,243.18,244.92,238.99,239.24,24350150
2023-05-03,239.47,241.75,232.75,237.03,34463860
2023-05-04,236.06,238.2,232.9264,233.52,17889390
2023-05-05,232.24,234.68,229.85,232.78,27000480
2023-05-08,231.415,235.62,230.27,233.27,16400530
2023-05-09,231.46,235.88,231.08,233.37,16865590
2023-05-10,236.17,236.75,230.72,233.08,19119010
2023-05-11,233.05,238.21,232.3,235.79,20448990
2023-05-12,236.74,236.9599,231.45,233.81,16161450
2023-05-15,236.92,240.255,235.33,238.86,20653230
2023-05-16,235.79,239.635,235.52,238.82,18163770
2023-05-17,238.45,243.8423,238.14,242.485,21193080
2023-05-18,241.3,247.0881,241.19,246.85,22943300
2023-05-19,247.47,248.69,243.41,245.64,21733580
2023-05-22,245.41,253.57,245.12,248.32,27738480
2023-05-23,246.81,251.61,246.65,246.74,17748120
2023-05-24,245.28,249.5892,244.952,249.21,17724340
2023-05-25,253.4,255.62,249.17,252.69,22371440
2023-05-26,252.93,262.3107,252.71,262.04,25768660
2023-05-30,265.25,268.65,261.29,262.52,23816480
2023-05-31,260,265,258.45,264.72,25473690
2023-06-01,265.9,274,265.89,272.61,25609510
2023-06-02,272.66,275.35,271.12,272.61,19416930
2023-06-05,270.3,275.57,269.56,271.39,20742950
2023-06-06,270.14,276.57,269.69,271.12,19419010
2023-06-07,271.67,274.25,262.8,263.6,26163630
2023-06-08,260.62,267.65,258.88,264.58,20899360
2023-06-09,262.48,267.949,261.7,264.95,16949790
2023-06-12,267.17,271.75,265.33,271.05,15471700
2023-06-13,274.88,275.72,269.0923,271.32,16164020
2023-06-14,271.89,274.99,268.315,273.35,19175070
2023-06-15,272.3,283.99,271.42,281.83,25973460
2023-06-16,284.75,287.85,280.13,281,43127730
2023-06-20,278.73,284.8,276.22,284.33,20701590
2023-06-21,283.53,284,278.36,281.64,20556170
2023-06-22,279.08,285.26,277.79,284.88,17563060
2023-06-23,281.51,289.67,278.95,288.73,51092040
2023-06-26,288.7,289.79,277.6,278.47,24232650
2023-06-27,282.01,289.345,280.655,287.05,26108260
2023-06-28,284.82,289.55,284.06,285.29,16722120
2023-06-29,284.5,286.57,280.69,281.53,15395690
2023-06-30,284.76,289.05,284.415,286.98,19694870
2023-07-03,286.7,289.4,284.8499,286.02,8608555
2023-07-05,287.65,298.12,286.36,294.37,33865460
2023-07-06,295.885,298.12,291.31,291.99,47733830
2023-07-07,292.18,296.2,288.66,290.53,25585980
2023-07-10,295.55,298.13,287.05,294.1,37058310
2023-07-11,293.9,300.18,291.9,298.29,27585920
2023-07-12,301.745,309.45,300.1004,309.34,36677130
2023-07-13,313.62,316.24,310.2901,313.41,30280970
2023-07-14,311.79,314.88,307.3612,308.87,23054110
2023-07-17,307.54,311.71,304.71,310.62,25323130
2023-07-18,310.875,314.2,307.6188,312.05,20764580
2023-07-19,313.03,318.68,310.52,316.01,21763690
2023-07-20,313.5,315.54,302.22,302.52,23836880
2023-07-21,304.57,305.46,291.2,294.26,42139260
2023-07-24,295.78,297.52,288.3001,291.61,24949410
2023-07-25,295.19,298.3,291.86,294.47,19585580
2023-07-26,301.19,301.77,291.9,298.57,47256930
2023-07-27,325.12,325.35,309.84,311.71,64229170
2023-07-28,316.875,326.2,314.2481,325.48,39220270
2023-07-31,323.69,325.6599,317.59,318.6,25799600
2023-08-01,317.535,324.14,314.66,322.71,22889870
2023-08-02,318,318.39,310.65,314.31,20461090
2023-08-03,309.93,315.9499,309.93,313.19,15215420
2023-08-04,314.96,318.41,310.2,310.73,17612760
2023-08-07,313.23,317.07,310.46,316.56,16236500
2023-08-08,314.4,317.89,310.11,312.64,15183530
2023-08-09,312.88,313.63,302.85,305.21,19955780
2023-08-10,307.94,312.339,303.87,305.74,14358900
2023-08-11,302.57,304.72,300.36,301.64,14046250
2023-08-14,300.98,306.21,298.25,306.19,15641920
2023-08-15,306.14,307.23,300.03,301.95,11623610
2023-08-16,300.195,301.08,294.28,294.29,18547740
2023-08-17,293.05,296.05,284.95,285.09,23950090
2023-08-18,279.03,285.69,274.38,283.25,35347930
2023-08-21,283.45,290.5,281.85,289.9,20181480
2023-08-22,292.55,292.9,286.75,287.6,12999910
2023-08-23,288.5,297.4,287.67,294.24,18287000
2023-08-24,298.5,299.46,286.64,286.75,18360880
2023-08-25,286.13,288.386,276.03,285.5,23701440
2023-08-28,288,291.45,285.8,290.26,14239290
2023-08-29,288.585,299.15,288.18,297.99,20844520
2023-08-30,297.17,298.29,293.43,295.1,17717020
2023-08-31,295.8,301.1,295.66,295.89,17229870
2023-09-01,299.37,301.74,294.47,296.38,12842260
2023-09-05,297.02,301.39,295.51,300.15,14955990
2023-09-06,301.71,303.3,295.66,299.17,15418090
2023-09-07,298,307.0499,292.22,298.67,33748740
2023-09-08,299.22,305.25,296.78,297.89,17572200
2023-09-11,301.41,309.04,301.28,307.56,19489330
2023-09-12,306.33,308.6599,300.23,301.66,13480400
2023-09-13,302.36,307.18,301.3206,305.06,13210920
2023-09-14,306.74,312.87,305.03,311.72,19343100
2023-09-15,311.61,312,298.75,300.31,28131140
2023-09-18,298.19,303.6,297.8,302.55,14234160
2023-09-19,302.48,306.17,299.81,305.07,15931620
2023-09-20,305.05,308.06,299.43,299.67,19379520
2023-09-21,295.7,300.2566,293.27,295.73,21319580
2023-09-22,299.3,305.38,298.27,299.08,25369590
2023-09-25,295.64,300.95,293.7,300.83,18987010
2023-09-26,297.66,300.2999,296.0101,298.96,19417160
2023-09-27,300.45,301.2997,286.79,297.74,36429840
2023-09-28,298.935,306.3299,296.7,303.96,22167080
2023-09-29,307.38,310.64,299.36,300.21,25373700
2023-10-02,302.74,307.18,301.63,306.82,16265570
2023-10-03,304.26,306.77,299.64,300.94,17362250
2023-10-04,298.725,306.9,298.5,305.58,16880480
2023-10-05,304.625,306.208,299.5,304.79,19129960
2023-10-06,301.44,316.31,300.9148,315.43,21803860
2023-10-09,312.5,320.33,311.82,318.36,22503660
2023-10-10,319.12,324.66,318.16,321.84,19037970
2023-10-11,323.005,328.835,322.95,327.82,22036300
2023-10-12,328,330.54,322.69,324.16,20530520
2023-10-13,323.53,325.0502,312.37,314.69,21360790
2023-10-16,318.64,321.82,315.52,321.15,16536110
2023-10-17,318.18,324.4,317.3,324,16387800
2023-10-18,321.39,325.94,315.56,316.97,16851000
2023-10-19,319.875,321.89,311.7504,312.81,18709160
2023-10-20,314.14,315.3,306.47,308.65,22312280
2023-10-23,309.5,317.36,307.26,314.01,17796790
2023-10-24,316.78,318.35,310.63,312.55,19525490
2023-10-25,310,310.88,298.84,299.53,42192470
2023-10-26,295,295,279.403,288.35,66684140
2023-10-27,294.48,299.31,292.97,296.73,29596260
2023-10-30,299.09,309.3967,299.05,302.66,28435050
2023-10-31,303.31,303.68,296.86,301.27,19434170
2023-11-01,301.85,312.74,301.85,311.85,20434580
2023-11-02,317.3,318.82,308.33,310.87,21631820
2023-11-03,312.55,315.55,311.0167,314.6,16764320
2023-11-06,315.98,318.33,314.45,315.8,12887700
2023-11-07,317.06,321,315.12,318.82,14055610
2023-11-08,318.14,321.33,314.88,319.78,13609700
2023-11-09,319.418,324.1799,318.8,320.55,16103070
2023-11-10,319.94,329.1,319.46,328.77,19116920
2023-11-13,326.2,332.33,325.7,329.19,16908950
2023-11-14,334.54,338.1,333.33,336.31,17179400
2023-11-15,337.93,338.4,330.02,332.71,14531180
2023-11-16,329.37,334.58,326.38,334.19,18932570
2023-11-17,330.26,335.5,329.35,335.04,14519210
2023-11-20,334.89,341.87,334.19,339.97,16976130
2023-11-21,338.33,339.9015,335.9,336.98,12027860
2023-11-22,339.21,342.92,338.58,341.49,10715180
2023-11-24,340.13,341.8556,336.77,338.23,5467488
2023-11-27,336.18,339.9,334.2,334.7,15684450
2023-11-28,333.4,339.375,333.4,338.99,12637250
2023-11-29,339.69,339.9,330.78,332.2,16024500
2023-11-30,331.89,333.5,322.4037,327.15,23146390
2023-12-01,325.48,326.86,320.76,324.82,15276380
2023-12-04,317.29,320.86,313.66,320.02,19037080
2023-12-05,318.98,321.88,315.39,318.29,16952130
2023-12-06,321.93,322.25,317.04,317.45,11294340
2023-12-07,317.77,328.24,317.77,326.59,15905080
2023-12-08,323.09,333.17,323,332.75,14087350
2023-12-11,329.4,329.89,319.995,325.28,25802460
2023-12-12,324.6,334.47,324.56,334.22,18485460
2023-12-13,333.93,338.37,332.64,334.74,16353320
2023-12-14,333.85,334.7,328.6371,333.17,19607340
2023-12-15,331.99,338.66,331.22,334.92,31776850
2023-12-18,337.48,347.56,337.02,344.62,18993850
2023-12-19,345.58,353.6,345.12,350.36,17729360
2023-12-20,348.65,354.96,347.79,349.28,16369850
2023-12-21,352.98,356.405,349.21,354.09,15289560
2023-12-22,355.58,357.1999,351.22,353.39,11772780
2023-12-26,354.99,356.98,353.45,354.83,9898614
2023-12-27,356.07,359,355.31,357.83,13207930
2023-12-28,359.7,361.9,357.81,358.32,11798810
2023-12-29,358.99,360,351.82,353.96,14987090
2024-01-02,351.32,353.16,340.01,346.29,19042150
2024-01-03,344.98,347.95,343.175,344.47,15451130
2024-01-04,344.5,348.1499,343.3987,347.12,12099900
2024-01-05,346.99,353.5,346.2601,351.95,13750910
2024-01-08,354.7,358.98,352.05,358.66,13890220
2024-01-09,356.4,360.64,355.36,357.43,13463870
2024-01-10,360.17,372.94,359.08,370.47,22117210
2024-01-11,372.13,372.78,362.93,369.67,17205390
2024-01-12,370.155,377.06,369.54,374.49,19310050
2024-01-16,373.65,375.61,367.23,367.46,15306890
2024-01-17,366.3,368.54,358.61,368.37,12724780
2024-01-18,371.49,376.85,370.95,376.13,16354330
2024-01-19,379,384.36,377.97,383.45,21670810
2024-01-22,387.95,390.3525,381.1601,381.78,17680450
2024-01-23,384.615,388.38,382.075,385.2,15506100
2024-01-24,390,396.15,387.81,390.7,15604290
2024-01-25,390.17,395.49,385.66,393.18,15091080
2024-01-26,394.35,396.79,391.5908,394.14,13159290
2024-01-29,394.985,402.93,393.1,401.02,18742430
2024-01-30,403.59,406.36,399.57,400.06,18614730
2024-01-31,389,398,387.1,390.14,20180820
2024-02-01,393.94,400.5,393.05,394.78,29727050
2024-02-02,459.6,485.96,453.01,474.99,84707650
2024-02-05,469.88,471.9,459.22,459.41,40832380
2024-02-06,464,467.12,453,454.72,21655210
2024-02-07,458,471.52,456.1773,469.59,23065990
2024-02-08,468.32,470.59,465.03,470,18815100
2024-02-09,472.95,473.59,467.465,468.11,18413140
2024-02-12,468.19,479.145,466.58,468.9,19381960
2024-02-13,456.87,467.89,455.09,460.12,20916600
2024-02-14,467.93,474.11,466.0901,473.28,16858400
2024-02-15,475.28,488.62,472.22,484.03,24212330
2024-02-16,478.11,478.96,469.21,473.32,23324620
2024-02-20,469.715,476.18,466.56,471.75,18015520
2024-02-21,466.5,469,461.79,468.03,12977050
2024-02-22,480.24,489.99,476.0618,486.13,21625810
2024-02-23,488.05,494.3599,482.3482,484.03,18374290
2024-02-26,483.47,486.14,480.6,481.74,12101420
2024-02-27,479.975,487.27,479.92,487.05,10809600
2024-02-28,485,491.05,482.75,484.02,12715490
2024-02-29,488.44,491.7,482.61,490.13,17732050
2024-03-01,492.11,504.25,491.85,502.3,15884880
2024-03-04,503,504.42,496.42,498.19,12324140
2024-03-05,495,495.58,487.89,490.22,15325300
2024-03-06,497.63,502.97,494.292,496.09,11757930
2024-03-07,503.28,519.85,501.38,512.19,18586440
2024-03-08,514.19,523.57,499.35,505.95,18597060
2024-03-11,497.01,497.318,476,483.59,20428270
2024-03-12,493.26,502.31,484.73,499.75,15448230
2024-03-13,495.39,500.98,491.0318,495.57,12090660
2024-03-14,500.255,501.35,488.16,491.83,12620010
2024-03-15,489.01,491.83,481.3001,484.1,29153580
2024-03-18,491.91,497.42,486.81,496.98,11755250
2024-03-19,488.17,496.6296,481.28,496.24,10903090
2024-03-20,499.5,508.1999,495.17,505.52,11711100
2024-03-21,514.71,515.04,506.01,507.76,9712549
2024-03-22,507,509.97,504.34,509.58,8120593
2024-03-25,505.79,507.22,500.2411,503.02,8380617
2024-03-26,505.13,510,495.2137,495.89,11205380
2024-03-27,499.3,499.89,488.07,493.86,9989676
2024-03-28,492.84,492.89,485.15,485.58,15212760
2024-04-01,487.2,497.43,481.78,491.35,9247007
2024-04-02,485.1,497.53,484.65,497.37,11081030
2024-04-03,498.93,507.24,498.75,506.74,12099170
2024-04-04,516.42,530,510.58,510.92,26476250
2024-04-05,516.855,530.7,514.4099,527.34,19263270
2024-04-08,529.28,531.4899,518.89,519.25,13260580
2024-04-09,522.23,525.87,506.74,516.9,10881450
2024-04-10,509.29,522.5599,505.8,519.83,11418490
2024-04-11,521.11,523.86,517.29,523.16,10369470
2024-04-12,517.75,520.1899,509.33,511.9,11984540
2024-04-15,516.72,518.53,497.28,500.23,13512890
2024-04-16,498.11,504.7699,497.11,499.76,9847925
2024-04-17,503.1,503.16,487.14,494.17,12193740
2024-04-18,499.82,512.21,499.04,501.8,14808670
2024-04-19,502.8,502.8,475.73,481.07,25215360
2024-04-22,489.715,492.01,473.4,481.73,17271130
2024-04-23,491.25,498.76,488.97,496.1,15079200
2024-04-24,508.06,510,484.58,493.5,37772680
2024-04-25,421.4,445.77,414.5,441.38,82890740
2024-04-26,441.46,446.44,431.96,443.29,32691440
2024-04-29,439.56,439.76,428.56,432.62,21502650
2024-04-30,431.05,439.6199,429.72,430.17,18429500
2024-05-01,428.6,449.96,427.11,439.19,20344950
2024-05-02,438.84,443.96,432.28,441.68,15221320
2024-05-03,445.93,454.17,443.85,451.96,16489060
2024-05-06,455.58,466.16,453.34,465.68,15094630
2024-05-07,466.29,471.53,461.31,468.24,13406820
2024-05-08,463.5,475.58,463.002,472.6,11683930
2024-05-09,470,476.08,467.63,475.42,9437651
2024-05-10,477.09,477.5,469.6,476.2,10750000
2024-05-13,472.75,473.35,462.85,468.01,14668800
2024-05-14,463.37,472.54,460.08,471.85,10478550
2024-05-15,474.98,482.4999,471.2,481.54,13100470
2024-05-16,475,477.69,472.75,473.23,16608180
2024-05-17,470.83,472.8,468.42,471.91,10807290
2024-05-20,469.95,473.2,467.04,468.84,11745080
2024-05-21,467.12,470.7,462.27,464.63,11742190
2024-05-22,467.87,473.7199,465.65,467.78,10078610
2024-05-23,472.88,474.3581,461.54,465.78,11747910
2024-05-24,467.62,479.8499,466.3,478.22,12024250
2024-05-28,476.575,480.86,474.84,479.92,10175770
2024-05-29,474.66,479.85,473.7,474.36,9226218
2024-05-30,471.67,471.73,464.71,467.05,10735230
2024-05-31,465.8,469.12,454.4601,466.83,16919810
2024-06-03,470.86,479.6,468.24,477.49,11279390
2024-06-04,477,478.89,473.2322,476.99,7088718
2024-06-05,484.45,496.65,483.91,495.06,15690480
2024-06-06,492.98,502.82,490.89,493.76,10667340
2024-06-07,495.91,498.91,490.1701,492.96,9380745
2024-06-10,493.86,502.66,493.41,502.6,11236920
2024-06-11,500.16,507.6,498.27,507.47,9673715
2024-06-12,513.99,514.01,504.47,508.84,11983230
2024-06-13,505.71,509.36,501.36,504.1,9954621
2024-06-14,502.65,507.15,500.75,504.16,10243350
2024-06-17,501.67,510.75,496.01,506.63,11266600
2024-06-18,504.56,506,495.02,499.49,13060430
2024-06-20,502,503.67,496.77,501.7,11801180
2024-06-21,503.45,503.45,492.39,494.78,23130730
2024-06-24,499.2,507.8,494.29,498.91,13525280
2024-06-25,497.05,510.71,495.5,510.6,12109770
2024-06-26,506.645,513.81,504.6765,513.12,8882337
2024-06-27,514.25,522.8799,513.9,519.56,10121200
2024-06-28,517.15,521.88,503.84,504.22,15855140
2024-07-01,504.95,506.58,493.17,504.68,10328150
2024-07-02,500.76,510.5,499.45,509.5,7739479
2024-07-03,506.37,511.28,506.02,509.96,6005615
2024-07-05,511.6,540.87,511.6,539.91,21354090
2024-07-08,542.35,542.81,526.65,529.32,14917500
2024-07-09,533.75,537.48,528.1901,530,8769088
2024-07-10,530.79,538.88,528.36,534.69,10983280
2024-07-11,530.89,535.46,508.3733,512.7,16458250
2024-07-12,497.755,508.09,494.23,498.87,19750540
2024-07-15,498.63,506.6799,493.37,496.16,12539160
2024-07-16,501.5,503.9499,485.79,489.79,14075830
2024-07-17,479.17,479.17,459.12,461.99,28076600
2024-07-18,475,479.2393,464.54,475.85,19267160
2024-07-19,476.06,486.71,475.71,476.79,15149420
2024-07-22,486.575,492.06,483.9,487.4,12023090
2024-07-23,489.84,495.22,487.72,488.69,9455527
2024-07-24,472.305,476.3,460.58,461.27,17649740
2024-07-25,463.26,463.548,442.65,453.41,18240490
2024-07-26,464.195,469.77,459.42,465.7,14222390
2024-07-29,469.88,473.96,465.02,465.71,11339630
2024-07-30,467,472.73,456.7,463.19,11390440
2024-07-31,471.02,476.5,466.75,474.83,24285780
2024-08-01,521,527.1709,492.1,497.74,43083080
2024-08-02,489,501.145,476.15,488.14,24044660
2024-08-05,451.345,483.48,450.8,475.73,21396190
2024-08-06,479,502.56,478.65,494.09,20954960
2024-08-07,503.13,510.15,486.86,488.92,20105310
2024-08-08,497.5,509.96,494.72,509.63,16156840
2024-08-09,507.71,518.34,505.7,517.77,13696640
2024-08-12,516.86,518.02,509.1,515.95,9767422
2024-08-13,520.01,531.4999,518.15,528.54,13743840
2024-08-14,528.06,534,523.13,526.76,11444190
2024-08-15,531.79,539.77,526.7,537.33,13482140
2024-08-16,531.9,533.66,524.66,527.42,14776680
2024-08-19,526.87,531.66,522.76,529.28,9879713
2024-08-20,528.35,531.09,525.88,526.73,7944391
2024-08-21,527.15,539.4,526.935,535.16,13423290
2024-08-22,537,544.23,528.59,531.93,15708290
2024-08-23,536.92,539.87,525.06,528,11323940
2024-08-26,527.6,528,514.95,521.12,9584002
2024-08-27,518.98,524.01,515.31,519.1,6282720
2024-08-28,517.675,521.085,512.45,516.78,9106077
2024-08-29,519.05,527.2,515.6789,518.22,8317424
2024-08-30,521.35,523.54,515.2,521.31,9157541
2024-09-03,519.64,525.49,508.6176,511.76,12459110
2024-09-04,506.07,516.59,504.07,512.74,8335207
2024-09-05,511.72,521.6295,511.15,516.86,8640888
2024-09-06,521.88,524.5849,498.25,500.27,14744520
2024-09-09,506.16,511.33,502.08,504.79,11047830
2024-09-10,508.16,514.18,500.0278,504.79,9899022
2024-09-11,507.01,513.12,495.6,511.83,10782530
2024-09-12,517.05,526.71,515.22,525.6,11993340
2024-09-13,520.34,527.581,517.11,524.62,10321420
2024-09-16,524.54,534.1,517.4,533.28,9527646
2024-09-17,537.6,542.1,530.57,536.315,11690780
2024-09-18,537.065,544.2,533.9026,537.95,10323540
2024-09-19,550,562.07,546.52,559.1,15646950
2024-09-20,560,564.5,556.3001,561.35,22066820
2024-09-23,569.5,573.9799,562.41,564.41,12830670
2024-09-24,566.68,567.745,554.19,563.33,12992960
2024-09-25,564.05,576.88,563.72,568.31,16543350
2024-09-26,575.73,577.4,562.3501,567.84,14400790
2024-09-27,570.1,570.8399,564.51,567.36,9398367
2024-09-30,567.7,574.68,564.8,572.44,12807210
2024-10-01,577.98,583.04,570.1,576.47,15259270
2024-10-02,574.86,576,569.34,572.81,6524650
2024-10-03,570.15,583.36,568.73,582.77,11580980
2024-10-04,583.73,596.85,581.43,595.94,14199790
2024-10-07,598.22,602.95,584.04,584.78,12014200
2024-10-08,589.69,593.56,585.97,592.89,7857377
2024-10-09,593.99,594.39,581.61,590.51,9529707
2024-10-10,587.57,590.23,582.52,583.83,7740449
2024-10-11,584.83,591.21,582.71,589.95,8587051
2024-10-14,594.22,600.1,589.96,590.42,8251971
2024-10-15,590.16,590.61,580.143,586.27,9564236
2024-10-16,581.395,582.08,574.03,576.79,11268380
2024-10-17,583.33,584.97,575.2,576.93,8701158
2024-10-18,581.1,583.9675,575.25,576.47,7694274
2024-10-21,576.03,577.2399,569.11,575.16,8171879
2024-10-22,574.29,583.53,572.12,582.01,8544463
2024-10-23,579.97,585,562.5,563.69,14248420
2024-10-24,567.125,568.8799,561.52,567.78,7184651
2024-10-25,573.935,581.29,571.72,573.25,11337870
2024-10-28,582,583.7499,574.12,578.16,10925130
2024-10-29,580.145,593.67,575.398,593.28,13019090
2024-10-30,600.98,601.2,589.38,591.8,26864930
2024-10-31,585,589.9,563.01,567.58,26838400
2024-11-01,567.605,573.67,562.56,567.16,15303240
2024-11-04,564.1,568.69,557.89,560.68,12064600
2024-11-05,567.305,573.48,566.67,572.43,9775379
2024-11-06,562.75,573,555.1679,572.05,18305430
2024-11-07,576.89,594.7999,575.21,591.7,14653710
2024-11-08,591.54,593.1,584.52,589.34,9415699
2024-11-11,586.36,587,576.51,583.17,10209050
2024-11-12,588.545,599.66,580.38,584.82,16287720
2024-11-13,582.605,585.64,575.17,580,10757580
2024-11-14,577,580.76,573.01,577.16,11053740
2024-11-15,571.22,572.57,551.5,554.08,17712860
2024-11-18,557.04,559.9,550.09,554.4,14346720
2024-11-19,551.86,561.43,550.6,561.09,9522445
2024-11-20,562.93,566.3499,554.2001,565.52,9797339
2024-11-21,569.52,570,549.05,563.09,11154750
2024-11-22,563.55,563.8273,554.59,559.14,9164004
2024-11-25,562.1,572.5915,556.39,565.11,13599830
2024-11-26,566,577.5,565.2,573.54,10356550
2024-11-27,574.89,574.98,564.1001,569.2,7200228
2024-11-29,569,578.46,566.9,574.32,7130519
2024-12-02,577.5,594.5,575.57,592.83,12522370
2024-12-03,595,614.2,591.2501,613.65,14907160
2024-12-04,612.96,617.78,605.1,613.78,14697010
2024-12-05,617.075,619.9,607.05,608.93,8081212
2024-12-06,610.1,629.7899,608.53,623.77,16935500
2024-12-09,623.925,626.4,606.1701,613.57,11426020
2024-12-10,617.56,625.59,612.74,619.32,10938850
2024-12-11,623.37,638.4,621.5349,632.68,10837230
2024-12-12,631.5,636.6599,627.2094,630.79,7474717
2024-12-13,627.22,631.08,616.886,620.35,8453349
2024-12-16,629.975,631.15,618.58,624.24,10885630
2024-12-17,626.17,632.37,616.54,619.44,12897840
2024-12-18,621,627.36,596.32,597.19,17075480
2024-12-19,610.39,611.52,595,595.57,14958080
2024-12-20,590.58,603.11,580,585.25,48989390
2024-12-23,589.6,601.09,586.25,599.85,10205750
2024-12-24,602.715,607.99,599.2849,607.75,4726056
2024-12-26,605.48,606.3,598.94,603.35,6091239
2024-12-27,599.41,601.85,589.8,599.81,8084229
2024-12-30,588.75,596.9399,585.58,591.24,7025864
2024-12-31,592.265,593.97,583.85,585.51,6019520
2025-01-02,589.72,604.91,587.82,599.24,12682270
2025-01-03,604.76,609.5,596.4136,604.63,11436780
2025-01-06,611.825,630.99,605.62,630.2,14560750
2025-01-07,631.7,632.1011,608.23,617.89,12071480
2025-01-08,613.395,616.4397,602.79,610.72,10085850
2025-01-10,610.03,629.91,597.34,615.86,19256560
2025-01-13,607.1,608.97,598.445,608.33,10785030
2025-01-14,605.065,605.49,588.55,594.25,13597990
2025-01-15,610.21,622.46,606.5,617.12,15524300
2025-01-16,611.5,616.25,609.71,611.3,8355349
2025-01-17,624.05,624.97,603.67,612.77,17280600
2025-01-21,617.825,621.5,609.0082,616.46,11674020
2025-01-22,623.3,633.7,619.435,623.5,12274010
2025-01-23,627.36,636.6,621.15,636.45,9910163
2025-01-24,636.4,652,634.2,647.49,19065330
2025-01-27,626.61,663.87,625.1,659.88,28399190
2025-01-28,666,682.58,659.465,674.33,20950110
2025-01-29,675,681.0459,665.67,676.49,21377820
2025-01-30,696.82,710.79,676.1,687,29322900
2025-01-31,691,705.2999,685.58,689.18,19331660
2025-02-03,675.91,704,675.25,697.46,21415740
2025-02-04,702.5,707.71,691.61,704.19,13826270
2025-02-05,703.55,718.14,699.01,704.87,17793770
2025-02-06,705.88,718.9,703.5,711.99,13080690
2025-02-07,716.795,725.01,711.75,714.52,16427070
2025-02-10,718.56,721.2,711.33,717.4,12904320
2025-02-11,713.32,723.66,710.04,719.8,12997960
2025-02-12,715.3,727.1,712.6,725.38,12016520
2025-02-13,721.52,729,718.04,728.56,12569060
2025-02-14,726.14,740.91,725.62,736.67,16901250
2025-02-18,736,737,706.44,716.37,21938700
2025-02-19,704.095,707,695.39,703.77,17535480
2025-02-20,697.275,705.63,693.64,694.84,12587410
2025-02-21,696.58,703.87,682.36,683.55,15660360
2025-02-24,686.28,687.27,662.45,668.13,15676990
2025-02-25,665.972,668,641.86,657.5,20579660
2025-02-26,659.65,683.0078,658,673.7,14488710
2025-02-27,682.45,688.6469,657.57,658.24,12500010
2025-02-28,658.04,669.63,642.6017,668.2,17534170
2025-03-03,673.675,681.25,650.8439,655.05,10843760
2025-03-04,645.51,649.75,623.65,640,21495210
2025-03-05,641,659.5,637.66,656.47,13770030
2025-03-06,648,650.5625,624.11,627.93,13446450
2025-03-07,625.37,634.79,600.61,625.66,21375670
2025-03-10,608.07,610.1059,586.8701,597.99,21999940
2025-03-11,595.055,614.934,593.33,605.71,17401470
2025-03-12,629.9,633.33,609.35,619.56,15746970
2025-03-13,620.245,620.5,586.51,590.64,16480320
2025-03-14,602.805,608.86,594.78,607.6,12364510
2025-03-17,607.46,613.1,598,604.9,15473910
2025-03-18,600.05,600.25,574.66,582.36,20297710
2025-03-19,584.28,592.3223,574.77,584.06,20537500
2025-03-20,582.755,610.2,579.51,586,24336510
2025-03-21,583.425,597.545,580.95,596.25,25015860
2025-03-24,614.97,622.54,612.2001,618.85,15741270
2025-03-25,626.76,633.88,621.18,626.31,15312540
2025-03-26,624.89,626.7499,606.61,610.98,12661890
2025-03-27,602,614.25,600.1,602.58,10436520
2025-03-28,600.31,601.75,573.92,576.74,17602820
2025-03-31,563.5,578.7,553.3,576.36,21124680
2025-04-01,570.84,589.91,570,586,12836570
2025-04-02,574.91,592.66,573.36,583.93,13470780
2025-04-03,546.22,552.5596,530.3,531.62,34777460
2025-04-04,506.62,518,494.2,504.73,38589810
2025-04-07,485.1,539.37,481.9,516.25,36606140
2025-04-08,543.25,547.43,502.86,510.45,28034210
2025-04-09,509.265,587.89,502.11,585.77,39216580
2025-04-10,575.49,581.3,535.3,546.29,28173490
2025-04-11,535.505,547.4,528.5901,543.57,17642330
2025-04-14,556.175,557.77,528.28,531.48,14130930
2025-04-15,532.105,537.94,517.5,521.52,15558660
2025-04-16,508.51,513.37,495.63,502.31,18735080
2025-04-17,505.25,507.3,498.0133,501.48,14593510
2025-04-21,491.325,493.5,479.8,484.66,16165980
2025-04-22,491.87,506.88,486.36,500.28,17399410
2025-04-23,528.525,535.3376,516.52,520.27,18173910
2025-04-24,518.73,533.9,517.5,533.15,13910010
2025-04-25,546.8,549.86,536.25,547.27,17098920
2025-04-28,555.64,558.4899,540.59,549.74,15179000
2025-04-29,546,556.5699,544.12,554.44,11835040
2025-04-30,538.4,549.1,529.5,549,29243970
2025-05-01,592.075,592.95,570.5,572.21,31159030
2025-05-02,583.455,604.34,578.33,597.02,24739260
2025-05-05,591.22,603.21,588.05,599.27,13887720
2025-05-06,592.525,596.03,586.58,587.31,10600650
2025-05-07,590.36,603.075,586.67,596.81,13160980
2025-05-08,606.285,611.2959,596.62,598.01,14622810
2025-05-09,603.72,606.97,591.7062,592.49,10427290
2025-05-12,630.92,640.3896,621.03,639.43,21965090
2025-05-13,645.545,660.92,642.83,656.03,18570820
2025-05-14,661.21,662.67,654.31,659.36,12348180
2025-05-15,654.275,657.31,638.58,643.88,14341840
2025-05-16,637.955,640.44,626.15,640.34,18518970
2025-05-19,628.25,643,627.8,640.43,9592374
2025-05-20,636.01,639.3536,632.26,637.1,6743473
2025-05-21,631.79,646.61,630.17,635.5,11464570
2025-05-22,634.05,643.25,630.71,636.57,8228443
2025-05-23,624,632.445,622.65,627.06,8454067
2025-05-27,635.41,643.08,632.75,642.32,9508367
2025-05-28,642.6,650.88,642.5472,643.58,9042874
2025-05-29,651.645,653.32,639.5,645.05,8883436
2025-05-30,642.5,649.4099,632.78,647.49,16240950
2025-06-02,644.39,673.26,644.2616,670.9,15766260
2025-06-03,671.445,675.58,665.03,666.85,11585030
2025-06-04,669.32,689,668.57,687.95,14031930
2025-06-05,691.66,694.38,682.25,684.62,13120340
2025-06-06,696.17,702.806,691.87,697.71,11727960
2025-06-09,698.46,705.19,693.94,694.06,12773220
2025-06-10,701.345,703.23,691.56,702.4,10850150
2025-06-11,703.705,708.8707,691.99,694.14,9582508
2025-06-12,693.3,695.38,687,693.36,7322730
2025-06-13,687.95,694.57,681.01,682.87,9274441
2025-06-16,699.33,707.15,693.5103,702.12,13720290
2025-06-17,702,705.97,696.06,697.23,10066110
2025-06-18,698.18,701.59,694.9,695.77,10068260
2025-06-20,700.75,701.8197,678.67,682.35,22538640
2025-06-23,683.69,699.05,678.75,698.53,11080060
2025-06-24,704.885,713.19,702.11,712.2,13823180
2025-06-25,713.315,716.58,705.38,708.68,9320436
2025-06-26,714.355,728.22,711.05,726.09,13964790
2025-06-27,726.515,735.43,725.86,733.63,18775740
2025-06-30,744.55,747.9,734.25,738.09,15402110
2025-07-01,736.875,737.7499,715.37,719.22,13431250
2025-07-02,715.325,720.3,712.8,713.57,9336740
2025-07-03,726.61,729.03,714.42,719.01,8601653
2025-07-07,717.6,727,713.51,718.35,9457080
2025-07-08,721.57,722.9099,714.81,720.67,7770693
2025-07-09,722.715,737.53,722.715,732.78,11417960
2025-07-10,731.55,735.7999,719.6,727.24,9922249
2025-07-11,722.495,725.16,709.7,717.51,10873880
2025-07-14,717.6,728,716.547,720.92,8939399
2025-07-15,723.9,724.4716,709.82,710.39,11529510
2025-07-16,713.37,713.97,699.2701,702.91,13067630
2025-07-17,704.39,705.9,697.105,701.41,11803260
2025-07-18,702.19,704.71,691.65,704.28,12779750
2025-07-21,706.8,717,705.76,712.965,9404391
2025-07-22,716.19,716.6,701.41,704.81,8921064
2025-07-23,706.365,714.6285,704.93,713.58,8771615
2025-07-24,717.05,723.6239,714,714.8,10920840
2025-07-25,716.915,720.6499,711.9,712.68,8271698
2025-07-28,715.2,724.7352,712.68,717.63,8715743
2025-07-29,720,724.47,699.91,700,13267030
2025-07-30,708.09,708.5,691.2001,695.21,27077290
2025-07-31,775.2,784.75,765.51,773.44,38831100
2025-08-01,760.73,765.9999,745.31,750.01,19028710
2025-08-04,760,776.85,758.41,776.37,15801730
2025-08-05,776.445,783.1299,763,763.46,11640290
2025-08-06,770,773.64,760.4601,771.99,9733910
2025-08-07,773.49,775,759.55,761.83,9019691
2025-08-08,762.75,769.9,758.58,769.3,7320755
2025-08-11,770.075,773.4584,764.67,765.87,7611964
2025-08-12,773,793.67,772.43,790,14579770
2025-08-13,791.15,795.4561,778.23,780.08,8811750
2025-08-14,777.88,787.81,772.51,782.13,8116193
2025-08-15,784.15,796.25,780.82,785.23,13375360
2025-08-18,775.085,775.81,756.5601,767.37,16513740
2025-08-19,767.12,767.17,749.36,751.48,12286690
2025-08-20,747.57,750.1999,731,747.72,11898190
2025-08-21,744.705,745.5,733.1101,739.1,8876307
2025-08-22,739.23,756.9,734.39,754.79,10612670
2025-08-25,754.82,758.88,750.13,753.3,6861158
2025-08-26,750.8,754.87,747.94,754.1,7601800
2025-08-27,752.3,754.1499,742.84,747.38,8315435
2025-08-28,744,753.0548,740.795,751.11,7467955
2025-08-29,745.28,747.14,735.3466,738.7,9070546
2025-09-02,726.04,736,721.7306,735.11,9350857
2025-09-03,736,740.25,733.9893,737.05,7699332
2025-09-04,748.57,761.16,745.82,748.65,11439080
2025-09-05,752.615,757.95,745.03,752.45,9663441
2025-09-08,755.995,766.51,752.02,752.3,13087820
2025-09-09,757.49,766.3,753.43,765.7,10999030
2025-09-10,765.13,765.7,751,751.98,12478280
2025-09-11,754.65,757.1,748.37,750.9,7923284
2025-09-12,748.725,757.5703,743.76,755.59,8248557
2025-09-15,757.47,774.07,751.985,764.7,10533780
2025-09-16,767,781.36,765.1,779,11782480
2025-09-17,779.99,783.29,766.31,775.715,9400867
2025-09-18,780.75,788.78,773.36,780.25,10954950
2025-09-19,786.42,790.8,769.1901,778.38,23696820
2025-09-22,781.845,785.73,764.47,765.16,11706950
2025-09-23,769.25,770.6,751.07,755.4,10872590
2025-09-24,757.5,761.11,752.5251,760.66,8828227
2025-09-25,753.45,756.765,744.55,748.91,10591070
2025-09-26,750,751.9299,737.3532,743.75,9696338
2025-09-29,748.72,750.78,739.15,743.4,9246768
2025-09-30,742.25,742.97,726.3,734.38,16226750
